1,Date,15/08/14
1,HomeTeam,Porto
1,AwayTeam,Maritimo
1,FTHG,2
1,FTAG,0
1,FTR,H
1,HTHG,1
1,HTAG,0
1,HTR,H
1,B365H,1.17
1,B365D,6.5
1,B365A,17
1,BWH,1.19
1,BWD,6.25
1,BWA,13
2,Date,16/08/14
2,HomeTeam,Academica
2,AwayTeam,Sp Lisbon
2,FTHG,1
2,FTAG,1
2,FTR,D
2,HTHG,0
2,HTAG,1
2,HTR,A
2,B365H,4.75
2,B365D,3.6
2,B365A,1.73
2,BWH,5
2,BWD,3.6
2,BWA,1.65
3,Date,16/08/14
3,HomeTeam,Gil Vicente
3,AwayTeam,Guimaraes
3,FTHG,1
3,FTAG,3
3,FTR,A
3,HTHG,0
3,HTAG,1
3,HTR,A
3,B365H,2.75
3,B365D,3.2
3,B365A,2.6
3,BWH,2.6
3,BWD,3.2
3,BWA,2.6
4,Date,17/08/14
4,HomeTeam,Benfica
4,AwayTeam,Pacos Ferreira
4,FTHG,2
4,FTAG,0
4,FTR,H
4,HTHG,1
4,HTAG,0
4,HTR,H
4,B365H,1.25
4,B365D,5.5
4,B365A,12
4,BWH,1.25
4,BWD,5.5
4,BWA,10
5,Date,17/08/14
5,HomeTeam,Nacional
5,AwayTeam,Moreirense
5,FTHG,0
5,FTAG,1
5,FTR,A
5,HTHG,0
5,HTAG,0
5,HTR,D
5,B365H,2
5,B365D,3.5
5,B365A,3.6
5,BWH,1.91
5,BWD,3.3
5,BWA,3.9
6,Date,17/08/14
6,HomeTeam,Penafiel
6,AwayTeam,Belenenses
6,FTHG,1
6,FTAG,3
6,FTR,A
6,HTHG,1
6,HTAG,1
6,HTR,D
6,B365H,2.2
6,B365D,3.2
6,B365A,3.4
6,BWH,2.1
6,BWD,3.25
6,BWA,3.4
7,Date,17/08/14
7,HomeTeam,Rio Ave
7,AwayTeam,Setubal
7,FTHG,2
7,FTAG,0
7,FTR,H
7,HTHG,0
7,HTAG,0
7,HTR,D
7,B365H,2
7,B365D,3.3
7,B365A,3.75
7,BWH,2
7,BWD,3.25
7,BWA,3.7
8,Date,17/08/14
8,HomeTeam,Sp Braga
8,AwayTeam,Boavista
8,FTHG,3
8,FTAG,0
8,FTR,H
8,HTHG,1
8,HTAG,0
8,HTR,H
8,B365H,1.33
8,B365D,5
8,B365A,9
8,BWH,1.36
8,BWD,4.4
8,BWA,8.25
9,Date,18/08/14
9,HomeTeam,Arouca
9,AwayTeam,Estoril
9,FTHG,1
9,FTAG,1
9,FTR,D
9,HTHG,1
9,HTAG,1
9,HTR,D
9,B365H,3.4
9,B365D,3.2
9,B365A,2.2
9,BWH,3.25
9,BWD,3.25
9,BWA,2.15
10,Date,22/08/14
10,HomeTeam,Guimaraes
10,AwayTeam,Penafiel
10,FTHG,3
10,FTAG,0
10,FTR,H
10,HTHG,1
10,HTAG,0
10,HTR,H
10,B365H,1.65
10,B365D,3.6
10,B365A,5.5
10,BWH,1.62
10,BWD,3.6
10,BWA,5.5
11,Date,23/08/14
11,HomeTeam,Maritimo
11,AwayTeam,Academica
11,FTHG,2
11,FTAG,1
11,FTR,H
11,HTHG,0
11,HTAG,0
11,HTR,D
11,B365H,2.25
11,B365D,3.1
11,B365A,3.4
11,BWH,2.15
11,BWD,3.2
11,BWA,3.3
12,Date,23/08/14
12,HomeTeam,Pacos Ferreira
12,AwayTeam,Porto
12,FTHG,0
12,FTAG,1
12,FTR,A
12,HTHG,0
12,HTAG,1
12,HTR,A
12,B365H,8.5
12,B365D,4.33
12,B365A,1.4
12,BWH,8
12,BWD,4.6
12,BWA,1.36
13,Date,23/08/14
13,HomeTeam,Sp Lisbon
13,AwayTeam,Arouca
13,FTHG,1
13,FTAG,0
13,FTR,H
13,HTHG,0
13,HTAG,0
13,HTR,D
13,B365H,1.33
13,B365D,4.75
13,B365A,9.5
13,BWH,1.28
13,BWD,5
13,BWA,10
14,Date,24/08/14
14,HomeTeam,Belenenses
14,AwayTeam,Nacional
14,FTHG,3
14,FTAG,1
14,FTR,H
14,HTHG,2
14,HTAG,0
14,HTR,H
14,B365H,2.6
14,B365D,3.2
14,B365A,2.7
14,BWH,2.6
14,BWD,3.1
14,BWA,2.7
15,Date,24/08/14
15,HomeTeam,Boavista
15,AwayTeam,Benfica
15,FTHG,0
15,FTAG,1
15,FTR,A
15,HTHG,0
15,HTAG,1
15,HTR,A
15,B365H,15
15,B365D,6
15,B365A,1.2
15,BWH,10.5
15,BWD,5.25
15,BWA,1.26
16,Date,24/08/14
16,HomeTeam,Estoril
16,AwayTeam,Rio Ave
16,FTHG,1
16,FTAG,5
16,FTR,A
16,HTHG,0
16,HTAG,2
16,HTR,A
16,B365H,1.91
16,B365D,3.4
16,B365A,4
16,BWH,1.83
16,BWD,3.3
16,BWA,4.4
17,Date,24/08/14
17,HomeTeam,Setubal
17,AwayTeam,Gil Vicente
17,FTHG,2
17,FTAG,0
17,FTR,H
17,HTHG,1
17,HTAG,0
17,HTR,H
17,B365H,2.2
17,B365D,3.2
17,B365A,3.4
17,BWH,2.25
17,BWD,3.2
17,BWA,3.1
18,Date,25/08/14
18,HomeTeam,Moreirense
18,AwayTeam,Sp Braga
18,FTHG,0
18,FTAG,0
18,FTR,D
18,HTHG,0
18,HTAG,0
18,HTR,D
18,B365H,4.75
18,B365D,3.4
18,B365A,1.8
18,BWH,4.5
18,BWD,3.4
18,BWA,1.78
19,Date,29/08/14
19,HomeTeam,Academica
19,AwayTeam,Setubal
19,FTHG,1
19,FTAG,1
19,FTR,D
19,HTHG,1
19,HTAG,1
19,HTR,D
19,B365H,2.3
19,B365D,3.1
19,B365A,3.25
19,BWH,2.25
19,BWD,3.1
19,BWA,3.2
20,Date,30/08/14
20,HomeTeam,Belenenses
20,AwayTeam,Guimaraes
20,FTHG,0
20,FTAG,3
20,FTR,A
20,HTHG,0
20,HTAG,2
20,HTR,A
20,B365H,2.55
20,B365D,3.1
20,B365A,2.88
20,BWH,2.5
20,BWD,3.1
20,BWA,2.8
21,Date,30/08/14
21,HomeTeam,Sp Braga
21,AwayTeam,Estoril
21,FTHG,2
21,FTAG,1
21,FTR,H
21,HTHG,1
21,HTAG,0
21,HTR,H
21,B365H,1.85
21,B365D,3.4
21,B365A,4.33
21,BWH,1.78
21,BWD,3.4
21,BWA,4.4
22,Date,31/08/14
22,HomeTeam,Benfica
22,AwayTeam,Sp Lisbon
22,FTHG,1
22,FTAG,1
22,FTR,D
22,HTHG,1
22,HTAG,1
22,HTR,D
22,B365H,1.8
22,B365D,3.5
22,B365A,4.5
22,BWH,1.78
22,BWD,3.6
22,BWA,4.1
23,Date,31/08/14
23,HomeTeam,Gil Vicente
23,AwayTeam,Maritimo
23,FTHG,1
23,FTAG,2
23,FTR,A
23,HTHG,1
23,HTAG,0
23,HTR,H
23,B365H,2.7
23,B365D,3.2
23,B365A,2.6
23,BWH,2.5
23,BWD,3.25
23,BWA,2.7
24,Date,31/08/14
24,HomeTeam,Nacional
24,AwayTeam,Arouca
24,FTHG,2
24,FTAG,0
24,FTR,H
24,HTHG,1
24,HTAG,0
24,HTR,H
24,B365H,1.8
24,B365D,3.5
24,B365A,4.5
24,BWH,1.83
24,BWD,3.4
24,BWA,4.2
25,Date,31/08/14
25,HomeTeam,Penafiel
25,AwayTeam,Pacos Ferreira
25,FTHG,0
25,FTAG,1
25,FTR,A
25,HTHG,0
25,HTAG,0
25,HTR,D
25,B365H,2.8
25,B365D,3.3
25,B365A,2.45
25,BWH,2.75
25,BWD,3.2
25,BWA,2.5
26,Date,31/08/14
26,HomeTeam,Porto
26,AwayTeam,Moreirense
26,FTHG,3
26,FTAG,0
26,FTR,H
26,HTHG,0
26,HTAG,0
26,HTR,D
26,B365H,1.14
26,B365D,7.5
26,B365A,19
26,BWH,1.19
26,BWD,6.25
26,BWA,13
27,Date,01/09/14
27,HomeTeam,Rio Ave
27,AwayTeam,Boavista
27,FTHG,4
27,FTAG,0
27,FTR,H
27,HTHG,2
27,HTAG,0
27,HTR,H
27,B365H,1.53
27,B365D,3.75
27,B365A,7
27,BWH,1.6
27,BWD,3.7
27,BWA,5.5
28,Date,12/09/14
28,HomeTeam,Setubal
28,AwayTeam,Benfica
28,FTHG,0
28,FTAG,5
28,FTR,A
28,HTHG,0
28,HTAG,3
28,HTR,A
28,B365H,7
28,B365D,4
28,B365A,1.5
28,BWH,7.25
28,BWD,4.1
28,BWA,1.44
29,Date,13/09/14
29,HomeTeam,Arouca
29,AwayTeam,Sp Braga
29,FTHG,1
29,FTAG,0
29,FTR,H
29,HTHG,1
29,HTAG,0
29,HTR,H
29,B365H,3.8
29,B365D,3.3
29,B365A,2
29,BWH,3.7
29,BWD,3.4
29,BWA,1.95
30,Date,13/09/14
30,HomeTeam,Moreirense
30,AwayTeam,Rio Ave
30,FTHG,1
30,FTAG,1
30,FTR,D
30,HTHG,0
30,HTAG,1
30,HTR,A
30,B365H,2.6
30,B365D,3.2
30,B365A,2.75
30,BWH,2.7
30,BWD,2.95
30,BWA,2.7
31,Date,13/09/14
31,HomeTeam,Sp Lisbon
31,AwayTeam,Belenenses
31,FTHG,1
31,FTAG,1
31,FTR,D
31,HTHG,1
31,HTAG,1
31,HTR,D
31,B365H,1.36
31,B365D,4.5
31,B365A,9
31,BWH,1.33
31,BWD,4.5
31,BWA,9.25
32,Date,14/09/14
32,HomeTeam,Boavista
32,AwayTeam,Academica
32,FTHG,1
32,FTAG,0
32,FTR,H
32,HTHG,0
32,HTAG,0
32,HTR,D
32,B365H,2.88
32,B365D,3.3
32,B365A,2.4
32,BWH,2.8
32,BWD,2.9
32,BWA,2.65
33,Date,14/09/14
33,HomeTeam,Estoril
33,AwayTeam,Nacional
33,FTHG,2
33,FTAG,1
33,FTR,H
33,HTHG,1
33,HTAG,0
33,HTR,H
33,B365H,2.1
33,B365D,3.3
33,B365A,3.5
33,BWH,2
33,BWD,3.3
33,BWA,3.6
34,Date,14/09/14
34,HomeTeam,Guimaraes
34,AwayTeam,Porto
34,FTHG,1
34,FTAG,1
34,FTR,D
34,HTHG,0
34,HTAG,0
34,HTR,D
34,B365H,6.5
34,B365D,3.8
34,B365A,1.55
34,BWH,6.25
34,BWD,3.75
34,BWA,1.53
35,Date,14/09/14
35,HomeTeam,Maritimo
35,AwayTeam,Penafiel
35,FTHG,2
35,FTAG,0
35,FTR,H
35,HTHG,0
35,HTAG,0
35,HTR,D
35,B365H,1.67
35,B365D,3.6
35,B365A,5.25
35,BWH,1.65
35,BWD,3.6
35,BWA,5
36,Date,14/09/14
36,HomeTeam,Pacos Ferreira
36,AwayTeam,Gil Vicente
36,FTHG,1
36,FTAG,1
36,FTR,D
36,HTHG,1
36,HTAG,0
36,HTR,H
36,B365H,1.8
36,B365D,3.3
36,B365A,4.75
36,BWH,1.8
36,BWD,3.4
36,BWA,4.4
37,Date,19/09/14
37,HomeTeam,Guimaraes
37,AwayTeam,Pacos Ferreira
37,FTHG,1
37,FTAG,1
37,FTR,D
37,HTHG,0
37,HTAG,1
37,HTR,A
37,B365H,1.95
37,B365D,3.25
37,B365A,4.2
37,BWH,1.87
37,BWD,3.3
37,BWA,4.1
38,Date,20/09/14
38,HomeTeam,Nacional
38,AwayTeam,Sp Braga
38,FTHG,1
38,FTAG,1
38,FTR,D
38,HTHG,0
38,HTAG,0
38,HTR,D
38,B365H,2.88
38,B365D,3.2
38,B365A,2.5
38,BWH,2.8
38,BWD,3.2
38,BWA,2.45
39,Date,20/09/14
39,HomeTeam,Penafiel
39,AwayTeam,Setubal
39,FTHG,2
39,FTAG,0
39,FTR,H
39,HTHG,1
39,HTAG,0
39,HTR,H
39,B365H,2.63
39,B365D,3.2
39,B365A,2.7
39,BWH,2.55
39,BWD,3.1
39,BWA,2.75
40,Date,21/09/14
40,HomeTeam,Belenenses
40,AwayTeam,Maritimo
40,FTHG,1
40,FTAG,0
40,FTR,H
40,HTHG,0
40,HTAG,0
40,HTR,D
40,B365H,2.5
40,B365D,3.3
40,B365A,2.8
40,BWH,2.55
40,BWD,3.2
40,BWA,2.7
41,Date,21/09/14
41,HomeTeam,Benfica
41,AwayTeam,Moreirense
41,FTHG,3
41,FTAG,1
41,FTR,H
41,HTHG,0
41,HTAG,1
41,HTR,A
41,B365H,1.2
41,B365D,6
41,B365A,15
41,BWH,1.22
41,BWD,5.75
41,BWA,11.5
42,Date,21/09/14
42,HomeTeam,Gil Vicente
42,AwayTeam,Sp Lisbon
42,FTHG,0
42,FTAG,4
42,FTR,A
42,HTHG,0
42,HTAG,2
42,HTR,A
42,B365H,7
42,B365D,3.9
42,B365A,1.5
42,BWH,6
42,BWD,3.75
42,BWA,1.55
43,Date,21/09/14
43,HomeTeam,Porto
43,AwayTeam,Boavista
43,FTHG,0
43,FTAG,0
43,FTR,D
43,HTHG,0
43,HTAG,0
43,HTR,D
43,B365H,1.14
43,B365D,7.5
43,B365A,17
43,BWH,1.13
43,BWD,7.25
43,BWA,17.5
44,Date,21/09/14
44,HomeTeam,Rio Ave
44,AwayTeam,Arouca
44,FTHG,1
44,FTAG,2
44,FTR,A
44,HTHG,0
44,HTAG,1
44,HTR,A
44,B365H,1.7
44,B365D,3.5
44,B365A,5.25
44,BWH,1.67
44,BWD,3.6
44,BWA,5
45,Date,22/09/14
45,HomeTeam,Academica
45,AwayTeam,Estoril
45,FTHG,2
45,FTAG,2
45,FTR,D
45,HTHG,2
45,HTAG,1
45,HTR,H
45,B365H,2.75
45,B365D,3.3
45,B365A,2.5
45,BWH,2.8
45,BWD,3.1
45,BWA,2.5
46,Date,26/09/14
46,HomeTeam,Sp Lisbon
46,AwayTeam,Porto
46,FTHG,1
46,FTAG,1
46,FTR,D
46,HTHG,1
46,HTAG,0
46,HTR,H
46,B365H,3.1
46,B365D,3.1
46,B365A,2.4
46,BWH,3
46,BWD,3.3
46,BWA,2.25
47,Date,27/09/14
47,HomeTeam,Estoril
47,AwayTeam,Benfica
47,FTHG,2
47,FTAG,3
47,FTR,A
47,HTHG,1
47,HTAG,2
47,HTR,A
47,B365H,5
47,B365D,3.6
47,B365A,1.7
47,BWH,5
47,BWD,3.6
47,BWA,1.67
48,Date,27/09/14
48,HomeTeam,Sp Braga
48,AwayTeam,Rio Ave
48,FTHG,3
48,FTAG,0
48,FTR,H
48,HTHG,0
48,HTAG,0
48,HTR,D
48,B365H,1.73
48,B365D,3.5
48,B365A,5
48,BWH,1.75
48,BWD,3.5
48,BWA,4.4
49,Date,28/09/14
49,HomeTeam,Arouca
49,AwayTeam,Academica
49,FTHG,0
49,FTAG,1
49,FTR,A
49,HTHG,0
49,HTAG,1
49,HTR,A
49,B365H,2.25
49,B365D,3.25
49,B365A,3.2
49,BWH,2.3
49,BWD,3.1
49,BWA,3.1
50,Date,28/09/14
50,HomeTeam,Boavista
50,AwayTeam,Gil Vicente
50,FTHG,3
50,FTAG,2
50,FTR,H
50,HTHG,1
50,HTAG,1
50,HTR,D
50,B365H,2.5
50,B365D,3.25
50,B365A,2.8
50,BWH,2.5
50,BWD,3.2
50,BWA,2.7
51,Date,28/09/14
51,HomeTeam,Maritimo
51,AwayTeam,Guimaraes
51,FTHG,4
51,FTAG,0
51,FTR,H
51,HTHG,4
51,HTAG,0
51,HTR,H
51,B365H,2.4
51,B365D,3.25
51,B365A,2.9
51,BWH,2.35
51,BWD,3.3
51,BWA,2.85
52,Date,28/09/14
52,HomeTeam,Moreirense
52,AwayTeam,Penafiel
52,FTHG,0
52,FTAG,0
52,FTR,D
52,HTHG,0
52,HTAG,0
52,HTR,D
52,B365H,1.83
52,B365D,3.5
52,B365A,4.33
52,BWH,1.91
52,BWD,3.3
52,BWA,3.9
53,Date,28/09/14
53,HomeTeam,Setubal
53,AwayTeam,Nacional
53,FTHG,2
53,FTAG,0
53,FTR,H
53,HTHG,2
53,HTAG,0
53,HTR,H
53,B365H,2.6
53,B365D,3.2
53,B365A,2.7
53,BWH,2.5
53,BWD,3.3
53,BWA,2.65
54,Date,29/09/14
54,HomeTeam,Pacos Ferreira
54,AwayTeam,Belenenses
54,FTHG,2
54,FTAG,0
54,FTR,H
54,HTHG,1
54,HTAG,0
54,HTR,H
54,B365H,2.05
54,B365D,3.3
54,B365A,3.6
54,BWH,1.95
54,BWD,3.2
54,BWA,4
55,Date,03/10/14
55,HomeTeam,Guimaraes
55,AwayTeam,Boavista
55,FTHG,3
55,FTAG,0
55,FTR,H
55,HTHG,1
55,HTAG,0
55,HTR,H
55,B365H,1.62
55,B365D,3.6
55,B365A,6
55,BWH,1.55
55,BWD,3.8
55,BWA,5.75
56,Date,04/10/14
56,HomeTeam,Penafiel
56,AwayTeam,Sp Lisbon
56,FTHG,0
56,FTAG,4
56,FTR,A
56,HTHG,0
56,HTAG,0
56,HTR,D
56,B365H,8
56,B365D,4
56,B365A,1.44
56,BWH,7.5
56,BWD,3.9
56,BWA,1.45
57,Date,05/10/14
57,HomeTeam,Academica
57,AwayTeam,Moreirense
57,FTHG,0
57,FTAG,0
57,FTR,D
57,HTHG,0
57,HTAG,0
57,HTR,D
57,B365H,2.38
57,B365D,3.1
57,B365A,3.1
57,BWH,2.3
57,BWD,3.1
57,BWA,3.1
58,Date,05/10/14
58,HomeTeam,Belenenses
58,AwayTeam,Setubal
58,FTHG,1
58,FTAG,1
58,FTR,D
58,HTHG,0
58,HTAG,1
58,HTR,A
58,B365H,2.2
58,B365D,3.1
58,B365A,3.5
58,BWH,2.15
58,BWD,3.3
58,BWA,3.2
59,Date,05/10/14
59,HomeTeam,Benfica
59,AwayTeam,Arouca
59,FTHG,4
59,FTAG,0
59,FTR,H
59,HTHG,0
59,HTAG,0
59,HTR,D
59,B365H,1.2
59,B365D,6.5
59,B365A,13
59,BWH,1.18
59,BWD,6.25
59,BWA,14
60,Date,05/10/14
60,HomeTeam,Gil Vicente
60,AwayTeam,Estoril
60,FTHG,1
60,FTAG,1
60,FTR,D
60,HTHG,1
60,HTAG,1
60,HTR,D
60,B365H,3.8
60,B365D,3.3
60,B365A,2
60,BWH,3.1
60,BWD,3.4
60,BWA,2.15
61,Date,05/10/14
61,HomeTeam,Nacional
61,AwayTeam,Rio Ave
61,FTHG,0
61,FTAG,0
61,FTR,D
61,HTHG,0
61,HTAG,0
61,HTR,D
61,B365H,2.05
61,B365D,3.3
61,B365A,3.6
61,BWH,2.25
61,BWD,3.3
61,BWA,3
62,Date,05/10/14
62,HomeTeam,Pacos Ferreira
62,AwayTeam,Maritimo
62,FTHG,3
62,FTAG,2
62,FTR,H
62,HTHG,0
62,HTAG,1
62,HTR,A
62,B365H,2.25
62,B365D,3.1
62,B365A,3.4
62,BWH,2.4
62,BWD,3.25
62,BWA,2.8
63,Date,05/10/14
63,HomeTeam,Porto
63,AwayTeam,Sp Braga
63,FTHG,2
63,FTAG,1
63,FTR,H
63,HTHG,1
63,HTAG,1
63,HTR,D
63,B365H,1.44
63,B365D,4
63,B365A,8
63,BWH,1.5
63,BWD,4
63,BWA,6.25
64,Date,24/10/14
64,HomeTeam,Setubal
64,AwayTeam,Guimaraes
64,FTHG,0
64,FTAG,1
64,FTR,A
64,HTHG,0
64,HTAG,0
64,HTR,D
64,B365H,2.75
64,B365D,3.3
64,B365A,2.5
64,BWH,2.65
64,BWD,3.3
64,BWA,2.5
65,Date,25/10/14
65,HomeTeam,Arouca
65,AwayTeam,Porto
65,FTHG,0
65,FTAG,5
65,FTR,A
65,HTHG,0
65,HTAG,3
65,HTR,A
65,B365H,8.5
65,B365D,4.75
65,B365A,1.36
65,BWH,8
65,BWD,4.5
65,BWA,1.36
66,Date,25/10/14
66,HomeTeam,Boavista
66,AwayTeam,Pacos Ferreira
66,FTHG,1
66,FTAG,2
66,FTR,A
66,HTHG,0
66,HTAG,1
66,HTR,A
66,B365H,3.5
66,B365D,3.2
66,B365A,2.15
66,BWH,3.5
66,BWD,3.25
66,BWA,2.05
67,Date,25/10/14
67,HomeTeam,Moreirense
67,AwayTeam,Gil Vicente
67,FTHG,2
67,FTAG,0
67,FTR,H
67,HTHG,0
67,HTAG,0
67,HTR,D
67,B365H,1.91
67,B365D,3.25
67,B365A,4.33
67,BWH,1.87
67,BWD,3.3
67,BWA,4.1
68,Date,26/10/14
68,HomeTeam,Estoril
68,AwayTeam,Belenenses
68,FTHG,1
68,FTAG,2
68,FTR,A
68,HTHG,0
68,HTAG,1
68,HTR,A
68,B365H,1.75
68,B365D,3.4
68,B365A,5
68,BWH,1.78
68,BWD,3.5
68,BWA,4.33
69,Date,26/10/14
69,HomeTeam,Nacional
69,AwayTeam,Academica
69,FTHG,1
69,FTAG,0
69,FTR,H
69,HTHG,0
69,HTAG,0
69,HTR,D
69,B365H,1.85
69,B365D,3.4
69,B365A,4.33
69,BWH,1.75
69,BWD,3.5
69,BWA,4.5
70,Date,26/10/14
70,HomeTeam,Sp Braga
70,AwayTeam,Benfica
70,FTHG,2
70,FTAG,1
70,FTR,H
70,HTHG,1
70,HTAG,1
70,HTR,D
70,B365H,4.33
70,B365D,3.6
70,B365A,1.8
70,BWH,4.2
70,BWD,3.4
70,BWA,1.83
71,Date,26/10/14
71,HomeTeam,Sp Lisbon
71,AwayTeam,Maritimo
71,FTHG,4
71,FTAG,2
71,FTR,H
71,HTHG,3
71,HTAG,0
71,HTR,H
71,B365H,1.44
71,B365D,4.33
71,B365A,7
71,BWH,1.4
71,BWD,4.4
71,BWA,7.25
72,Date,27/10/14
72,HomeTeam,Rio Ave
72,AwayTeam,Penafiel
72,FTHG,3
72,FTAG,2
72,FTR,H
72,HTHG,2
72,HTAG,1
72,HTR,H
72,B365H,1.73
72,B365D,3.4
72,B365A,5.25
72,BWH,1.65
72,BWD,3.5
72,BWA,5.25
73,Date,31/10/14
73,HomeTeam,Benfica
73,AwayTeam,Rio Ave
73,FTHG,1
73,FTAG,0
73,FTR,H
73,HTHG,0
73,HTAG,0
73,HTR,D
73,B365H,1.33
73,B365D,4.5
73,B365A,11
73,BWH,1.28
73,BWD,5.25
73,BWA,9.25
74,Date,01/11/14
74,HomeTeam,Guimaraes
74,AwayTeam,Sp Lisbon
74,FTHG,3
74,FTAG,0
74,FTR,H
74,HTHG,2
74,HTAG,0
74,HTR,H
74,B365H,4
74,B365D,3.4
74,B365A,1.91
74,BWH,3.7
74,BWD,3.5
74,BWA,1.91
75,Date,01/11/14
75,HomeTeam,Penafiel
75,AwayTeam,Estoril
75,FTHG,1
75,FTAG,2
75,FTR,A
75,HTHG,0
75,HTAG,1
75,HTR,A
75,B365H,4.5
75,B365D,3.4
75,B365A,1.83
75,BWH,4.25
75,BWD,3.4
75,BWA,1.8
76,Date,01/11/14
76,HomeTeam,Porto
76,AwayTeam,Nacional
76,FTHG,2
76,FTAG,0
76,FTR,H
76,HTHG,1
76,HTAG,0
76,HTR,H
76,B365H,1.25
76,B365D,5.25
76,B365A,13
76,BWH,1.28
76,BWD,5.25
76,BWA,9.5
77,Date,02/11/14
77,HomeTeam,Academica
77,AwayTeam,Sp Braga
77,FTHG,1
77,FTAG,1
77,FTR,D
77,HTHG,0
77,HTAG,0
77,HTR,D
77,B365H,3.75
77,B365D,3.3
77,B365A,2
77,BWH,3.5
77,BWD,3.25
77,BWA,2.05
78,Date,02/11/14
78,HomeTeam,Gil Vicente
78,AwayTeam,Arouca
78,FTHG,1
78,FTAG,1
78,FTR,D
78,HTHG,0
78,HTAG,0
78,HTR,D
78,B365H,2.45
78,B365D,3.25
78,B365A,2.9
78,BWH,2.5
78,BWD,3.3
78,BWA,2.65
79,Date,02/11/14
79,HomeTeam,Maritimo
79,AwayTeam,Moreirense
79,FTHG,1
79,FTAG,2
79,FTR,A
79,HTHG,0
79,HTAG,1
79,HTR,A
79,B365H,2
79,B365D,3.4
79,B365A,3.75
79,BWH,2.05
79,BWD,3.25
79,BWA,3.5
80,Date,02/11/14
80,HomeTeam,Pacos Ferreira
80,AwayTeam,Setubal
80,FTHG,4
80,FTAG,1
80,FTR,H
80,HTHG,0
80,HTAG,0
80,HTR,D
80,B365H,1.85
80,B365D,3.4
80,B365A,4.33
80,BWH,1.83
80,BWD,3.4
80,BWA,4.2
81,Date,03/11/14
81,HomeTeam,Belenenses
81,AwayTeam,Boavista
81,FTHG,3
81,FTAG,1
81,FTR,H
81,HTHG,3
81,HTAG,1
81,HTR,H
81,B365H,1.8
81,B365D,3.5
81,B365A,4.5
81,BWH,1.8
81,BWD,3.4
81,BWA,4.33
82,Date,07/11/14
82,HomeTeam,Arouca
82,AwayTeam,Guimaraes
82,FTHG,1
82,FTAG,2
82,FTR,A
82,HTHG,0
82,HTAG,0
82,HTR,D
82,B365H,3
82,B365D,3.25
82,B365A,2.38
82,BWH,3.25
82,BWD,3.3
82,BWA,2.15
83,Date,08/11/14
83,HomeTeam,Sp Braga
83,AwayTeam,Gil Vicente
83,FTHG,2
83,FTAG,0
83,FTR,H
83,HTHG,0
83,HTAG,0
83,HTR,D
83,B365H,1.4
83,B365D,4.33
83,B365A,8.5
83,BWH,1.4
83,BWD,4.25
83,BWA,7.5
84,Date,09/11/14
84,HomeTeam,Boavista
84,AwayTeam,Penafiel
84,FTHG,1
84,FTAG,0
84,FTR,H
84,HTHG,0
84,HTAG,0
84,HTR,D
84,B365H,2.5
84,B365D,3
84,B365A,3
84,BWH,2.45
84,BWD,3.25
84,BWA,2.75
85,Date,09/11/14
85,HomeTeam,Estoril
85,AwayTeam,Porto
85,FTHG,2
85,FTAG,2
85,FTR,D
85,HTHG,1
85,HTAG,1
85,HTR,D
85,B365H,7.5
85,B365D,4.2
85,B365A,1.44
85,BWH,7.25
85,BWD,3.9
85,BWA,1.45
86,Date,09/11/14
86,HomeTeam,Moreirense
86,AwayTeam,Belenenses
86,FTHG,0
86,FTAG,1
86,FTR,A
86,HTHG,0
86,HTAG,0
86,HTR,D
86,B365H,2.25
86,B365D,3.1
86,B365A,3.4
86,BWH,2.3
86,BWD,3.2
86,BWA,3
87,Date,09/11/14
87,HomeTeam,Nacional
87,AwayTeam,Benfica
87,FTHG,1
87,FTAG,2
87,FTR,A
87,HTHG,1
87,HTAG,2
87,HTR,A
87,B365H,5.5
87,B365D,3.75
87,B365A,1.62
87,BWH,5.5
87,BWD,3.6
87,BWA,1.6
88,Date,09/11/14
88,HomeTeam,Setubal
88,AwayTeam,Maritimo
88,FTHG,1
88,FTAG,0
88,FTR,H
88,HTHG,1
88,HTAG,0
88,HTR,H
88,B365H,2.9
88,B365D,3.25
88,B365A,2.4
88,BWH,2.95
88,BWD,3
88,BWA,2.45
89,Date,09/11/14
89,HomeTeam,Sp Lisbon
89,AwayTeam,Pacos Ferreira
89,FTHG,1
89,FTAG,1
89,FTR,D
89,HTHG,0
89,HTAG,1
89,HTR,A
89,B365H,1.5
89,B365D,4
89,B365A,7
89,BWH,1.45
89,BWD,4.1
89,BWA,6.75
90,Date,10/11/14
90,HomeTeam,Rio Ave
90,AwayTeam,Academica
90,FTHG,3
90,FTAG,0
90,FTR,H
90,HTHG,2
90,HTAG,0
90,HTR,H
90,B365H,1.8
90,B365D,3.5
90,B365A,4.5
90,BWH,1.91
90,BWD,3.1
90,BWA,4.2
91,Date,28/11/14
91,HomeTeam,Guimaraes
91,AwayTeam,Moreirense
91,FTHG,2
91,FTAG,1
91,FTR,H
91,HTHG,1
91,HTAG,1
91,HTR,D
91,B365H,1.83
91,B365D,3.4
91,B365A,4.5
91,BWH,1.78
91,BWD,3.5
91,BWA,4.33
92,Date,29/11/14
92,HomeTeam,Belenenses
92,AwayTeam,Arouca
92,FTHG,0
92,FTAG,0
92,FTR,D
92,HTHG,0
92,HTAG,0
92,HTR,D
92,B365H,2.05
92,B365D,3.2
92,B365A,3.8
92,BWH,1.85
92,BWD,3.4
92,BWA,4.1
93,Date,29/11/14
93,HomeTeam,Penafiel
93,AwayTeam,Sp Braga
93,FTHG,1
93,FTAG,6
93,FTR,A
93,HTHG,1
93,HTAG,2
93,HTR,A
93,B365H,6.5
93,B365D,3.5
93,B365A,1.62
93,BWH,5.75
93,BWD,3.6
93,BWA,1.6
94,Date,29/11/14
94,HomeTeam,Sp Lisbon
94,AwayTeam,Setubal
94,FTHG,3
94,FTAG,0
94,FTR,H
94,HTHG,0
94,HTAG,0
94,HTR,D
94,B365H,1.2
94,B365D,5.75
94,B365A,17
94,BWH,1.22
94,BWD,5.5
94,BWA,12
95,Date,30/11/14
95,HomeTeam,Academica
95,AwayTeam,Benfica
95,FTHG,0
95,FTAG,2
95,FTR,A
95,HTHG,0
95,HTAG,2
95,HTR,A
95,B365H,8
95,B365D,4
95,B365A,1.44
95,BWH,7.75
95,BWD,4.2
95,BWA,1.4
96,Date,30/11/14
96,HomeTeam,Gil Vicente
96,AwayTeam,Nacional
96,FTHG,0
96,FTAG,0
96,FTR,D
96,HTHG,0
96,HTAG,0
96,HTR,D
96,B365H,3.4
96,B365D,3.1
96,B365A,2.25
96,BWH,3.2
96,BWD,3.2
96,BWA,2.2
97,Date,30/11/14
97,HomeTeam,Maritimo
97,AwayTeam,Boavista
97,FTHG,4
97,FTAG,0
97,FTR,H
97,HTHG,1
97,HTAG,0
97,HTR,H
97,B365H,1.57
97,B365D,3.75
97,B365A,6
97,BWH,1.53
97,BWD,3.7
97,BWA,6.5
98,Date,30/11/14
98,HomeTeam,Porto
98,AwayTeam,Rio Ave
98,FTHG,5
98,FTAG,0
98,FTR,H
98,HTHG,0
98,HTAG,0
98,HTR,D
98,B365H,1.25
98,B365D,5.5
98,B365A,12
98,BWH,1.25
98,BWD,5.25
98,BWA,11
99,Date,01/12/14
99,HomeTeam,Pacos Ferreira
99,AwayTeam,Estoril
99,FTHG,1
99,FTAG,1
99,FTR,D
99,HTHG,0
99,HTAG,0
99,HTR,D
99,B365H,2.25
99,B365D,3.25
99,B365A,3.2
99,BWH,2.3
99,BWD,3.2
99,BWA,3
100,Date,05/12/14
100,HomeTeam,Boavista
100,AwayTeam,Sp Lisbon
100,FTHG,1
100,FTAG,3
100,FTR,A
100,HTHG,0
100,HTAG,0
100,HTR,D
100,B365H,13
100,B365D,6
100,B365A,1.22
100,BWH,11
100,BWD,6
100,BWA,1.22
101,Date,06/12/14
101,HomeTeam,Academica
101,AwayTeam,Porto
101,FTHG,0
101,FTAG,3
101,FTR,A
101,HTHG,0
101,HTAG,2
101,HTR,A
101,B365H,10
101,B365D,5.25
101,B365A,1.29
101,BWH,12
101,BWD,5
101,BWA,1.26
102,Date,06/12/14
102,HomeTeam,Benfica
102,AwayTeam,Belenenses
102,FTHG,3
102,FTAG,0
102,FTR,H
102,HTHG,0
102,HTAG,0
102,HTR,D
102,B365H,1.25
102,B365D,5.5
102,B365A,12
102,BWH,1.2
102,BWD,6
102,BWA,12
103,Date,06/12/14
103,HomeTeam,Estoril
103,AwayTeam,Setubal
103,FTHG,1
103,FTAG,0
103,FTR,H
103,HTHG,1
103,HTAG,0
103,HTR,H
103,B365H,1.62
103,B365D,3.75
103,B365A,5.5
103,BWH,1.65
103,BWD,3.7
103,BWA,5
104,Date,06/12/14
104,HomeTeam,Rio Ave
104,AwayTeam,Gil Vicente
104,FTHG,0
104,FTAG,0
104,FTR,D
104,HTHG,0
104,HTAG,0
104,HTR,D
104,B365H,1.57
104,B365D,3.6
104,B365A,6.5
104,BWH,1.57
104,BWD,3.7
104,BWA,5.75
105,Date,07/12/14
105,HomeTeam,Arouca
105,AwayTeam,Penafiel
105,FTHG,0
105,FTAG,1
105,FTR,A
105,HTHG,0
105,HTAG,1
105,HTR,A
105,B365H,1.83
105,B365D,3.5
105,B365A,4.33
105,BWH,1.8
105,BWD,3.6
105,BWA,4
106,Date,07/12/14
106,HomeTeam,Moreirense
106,AwayTeam,Pacos Ferreira
106,FTHG,2
106,FTAG,0
106,FTR,H
106,HTHG,1
106,HTAG,0
106,HTR,H
106,B365H,2.75
106,B365D,3.1
106,B365A,2.63
106,BWH,2.65
106,BWD,3.25
106,BWA,2.55
107,Date,07/12/14
107,HomeTeam,Sp Braga
107,AwayTeam,Guimaraes
107,FTHG,0
107,FTAG,0
107,FTR,D
107,HTHG,0
107,HTAG,0
107,HTR,D
107,B365H,1.75
107,B365D,3.5
107,B365A,4.75
107,BWH,1.75
107,BWD,3.6
107,BWA,4.4
108,Date,08/12/14
108,HomeTeam,Nacional
108,AwayTeam,Maritimo
108,FTHG,3
108,FTAG,0
108,FTR,H
108,HTHG,0
108,HTAG,0
108,HTR,D
108,B365H,2.4
108,B365D,3.2
108,B365A,3
108,BWH,2.25
108,BWD,3.3
108,BWA,3
109,Date,12/12/14
109,HomeTeam,Setubal
109,AwayTeam,Boavista
109,FTHG,0
109,FTAG,1
109,FTR,A
109,HTHG,0
109,HTAG,0
109,HTR,D
109,B365H,1.85
109,B365D,3.5
109,B365A,4.2
109,BWH,1.87
109,BWD,3.4
109,BWA,4
110,Date,13/12/14
110,HomeTeam,Belenenses
110,AwayTeam,Sp Braga
110,FTHG,0
110,FTAG,1
110,FTR,A
110,HTHG,0
110,HTAG,1
110,HTR,A
110,B365H,4
110,B365D,3.4
110,B365A,1.91
110,BWH,3.75
110,BWD,3.3
110,BWA,1.95
111,Date,13/12/14
111,HomeTeam,Gil Vicente
111,AwayTeam,Academica
111,FTHG,1
111,FTAG,1
111,FTR,D
111,HTHG,0
111,HTAG,0
111,HTR,D
111,B365H,2.55
111,B365D,3.25
111,B365A,2.75
111,BWH,2.5
111,BWD,2.95
111,BWA,2.9
112,Date,13/12/14
112,HomeTeam,Pacos Ferreira
112,AwayTeam,Arouca
112,FTHG,2
112,FTAG,1
112,FTR,H
112,HTHG,0
112,HTAG,1
112,HTR,A
112,B365H,1.73
112,B365D,3.6
112,B365A,4.75
112,BWH,1.65
112,BWD,3.6
112,BWA,5
113,Date,13/12/14
113,HomeTeam,Penafiel
113,AwayTeam,Nacional
113,FTHG,2
113,FTAG,1
113,FTR,H
113,HTHG,1
113,HTAG,0
113,HTR,H
113,B365H,3.6
113,B365D,3.3
113,B365A,2.05
113,BWH,3.3
113,BWD,3.2
113,BWA,2.15
114,Date,14/12/14
114,HomeTeam,Guimaraes
114,AwayTeam,Rio Ave
114,FTHG,0
114,FTAG,0
114,FTR,D
114,HTHG,0
114,HTAG,0
114,HTR,D
114,B365H,2.1
114,B365D,3.25
114,B365A,3.6
114,BWH,2.1
114,BWD,3.1
114,BWA,3.5
115,Date,14/12/14
115,HomeTeam,Maritimo
115,AwayTeam,Estoril
115,FTHG,0
115,FTAG,0
115,FTR,D
115,HTHG,0
115,HTAG,0
115,HTR,D
115,B365H,2.45
115,B365D,3.2
115,B365A,2.88
115,BWH,2.45
115,BWD,3
115,BWA,2.95
116,Date,14/12/14
116,HomeTeam,Porto
116,AwayTeam,Benfica
116,FTHG,0
116,FTAG,2
116,FTR,A
116,HTHG,0
116,HTAG,1
116,HTR,A
116,B365H,1.83
116,B365D,3.6
116,B365A,4.2
116,BWH,1.87
116,BWD,3.4
116,BWA,4
117,Date,14/12/14
117,HomeTeam,Sp Lisbon
117,AwayTeam,Moreirense
117,FTHG,1
117,FTAG,1
117,FTR,D
117,HTHG,0
117,HTAG,1
117,HTR,A
117,B365H,1.3
117,B365D,5
117,B365A,11
117,BWH,1.3
117,BWD,5.25
117,BWA,8.5
118,Date,19/12/14
118,HomeTeam,Porto
118,AwayTeam,Setubal
118,FTHG,4
118,FTAG,0
118,FTR,H
118,HTHG,2
118,HTAG,0
118,HTR,H
118,B365H,1.1
118,B365D,9
118,B365A,23
118,BWH,1.1
118,BWD,9.75
118,BWA,14
119,Date,20/12/14
119,HomeTeam,Estoril
119,AwayTeam,Guimaraes
119,FTHG,1
119,FTAG,0
119,FTR,H
119,HTHG,0
119,HTAG,0
119,HTR,D
119,B365H,2.2
119,B365D,3.25
119,B365A,3.3
119,BWH,2.2
119,BWD,3.25
119,BWA,3.1
120,Date,21/12/14
120,HomeTeam,Academica
120,AwayTeam,Penafiel
120,FTHG,1
120,FTAG,1
120,FTR,D
120,HTHG,0
120,HTAG,0
120,HTR,D
120,B365H,1.8
120,B365D,3.3
120,B365A,4.75
120,BWH,1.85
120,BWD,3.2
120,BWA,4.4
121,Date,21/12/14
121,HomeTeam,Arouca
121,AwayTeam,Maritimo
121,FTHG,1
121,FTAG,0
121,FTR,H
121,HTHG,0
121,HTAG,0
121,HTR,D
121,B365H,3
121,B365D,3.2
121,B365A,2.4
121,BWH,2.8
121,BWD,3.1
121,BWA,2.5
122,Date,21/12/14
122,HomeTeam,Benfica
122,AwayTeam,Gil Vicente
122,FTHG,1
122,FTAG,0
122,FTR,H
122,HTHG,1
122,HTAG,0
122,HTR,H
122,B365H,1.13
122,B365D,8.5
122,B365A,17
122,BWH,1.14
122,BWD,7.25
122,BWA,14.5
123,Date,21/12/14
123,HomeTeam,Moreirense
123,AwayTeam,Boavista
123,FTHG,1
123,FTAG,0
123,FTR,H
123,HTHG,1
123,HTAG,0
123,HTR,H
123,B365H,1.57
123,B365D,3.6
123,B365A,6.5
123,BWH,1.6
123,BWD,3.7
123,BWA,5.5
124,Date,21/12/14
124,HomeTeam,Nacional
124,AwayTeam,Sp Lisbon
124,FTHG,0
124,FTAG,1
124,FTR,A
124,HTHG,0
124,HTAG,0
124,HTR,D
124,B365H,5
124,B365D,3.6
124,B365A,1.7
124,BWH,4.75
124,BWD,3.6
124,BWA,1.7
125,Date,22/12/14
125,HomeTeam,Rio Ave
125,AwayTeam,Belenenses
125,FTHG,0
125,FTAG,0
125,FTR,D
125,HTHG,0
125,HTAG,0
125,HTR,D
125,B365H,1.85
125,B365D,3.3
125,B365A,4.5
125,BWH,1.8
125,BWD,3.4
125,BWA,4.4
126,Date,22/12/14
126,HomeTeam,Sp Braga
126,AwayTeam,Pacos Ferreira
126,FTHG,3
126,FTAG,0
126,FTR,H
126,HTHG,3
126,HTAG,0
126,HTR,H
126,B365H,1.7
126,B365D,3.5
126,B365A,5.25
126,BWH,1.7
126,BWD,3.4
126,BWA,5
127,Date,02/01/15
127,HomeTeam,Belenenses
127,AwayTeam,Academica
127,FTHG,0
127,FTAG,0
127,FTR,D
127,HTHG,0
127,HTAG,0
127,HTR,D
127,B365H,1.95
127,B365D,3.25
127,B365A,4.2
127,BWH,1.9
127,BWD,3.2
127,BWA,4.1
128,Date,03/01/15
128,HomeTeam,Gil Vicente
128,AwayTeam,Porto
128,FTHG,1
128,FTAG,5
128,FTR,A
128,HTHG,0
128,HTAG,1
128,HTR,A
128,B365H,15
128,B365D,6.5
128,B365A,1.18
128,BWH,13.5
128,BWD,5.75
128,BWA,1.2
129,Date,03/01/15
129,HomeTeam,Maritimo
129,AwayTeam,Sp Braga
129,FTHG,2
129,FTAG,1
129,FTR,H
129,HTHG,1
129,HTAG,1
129,HTR,D
129,B365H,3.5
129,B365D,3.3
129,B365A,2.1
129,BWH,3.1
129,BWD,3.2
129,BWA,2.25
130,Date,03/01/15
130,HomeTeam,Pacos Ferreira
130,AwayTeam,Rio Ave
130,FTHG,1
130,FTAG,2
130,FTR,A
130,HTHG,0
130,HTAG,1
130,HTR,A
130,B365H,2.2
130,B365D,3.25
130,B365A,3.3
130,BWH,2.25
130,BWD,3.2
130,BWA,3.1
131,Date,03/01/15
131,HomeTeam,Sp Lisbon
131,AwayTeam,Estoril
131,FTHG,3
131,FTAG,0
131,FTR,H
131,HTHG,1
131,HTAG,0
131,HTR,H
131,B365H,1.53
131,B365D,3.8
131,B365A,6.5
131,BWH,1.55
131,BWD,3.8
131,BWA,5.75
132,Date,04/01/15
132,HomeTeam,Boavista
132,AwayTeam,Arouca
132,FTHG,3
132,FTAG,1
132,FTR,H
132,HTHG,1
132,HTAG,0
132,HTR,H
132,B365H,2.6
132,B365D,3.25
132,B365A,2.7
132,BWH,2.4
132,BWD,3.1
132,BWA,2.9
133,Date,04/01/15
133,HomeTeam,Guimaraes
133,AwayTeam,Nacional
133,FTHG,4
133,FTAG,0
133,FTR,H
133,HTHG,3
133,HTAG,0
133,HTR,H
133,B365H,2
133,B365D,3.25
133,B365A,3.9
133,BWH,1.91
133,BWD,3.4
133,BWA,3.8
134,Date,04/01/15
134,HomeTeam,Penafiel
134,AwayTeam,Benfica
134,FTHG,0
134,FTAG,3
134,FTR,A
134,HTHG,0
134,HTAG,1
134,HTR,A
134,B365H,12
134,B365D,5.5
134,B365A,1.25
134,BWH,9.25
134,BWD,5
134,BWA,1.3
135,Date,04/01/15
135,HomeTeam,Setubal
135,AwayTeam,Moreirense
135,FTHG,2
135,FTAG,1
135,FTR,H
135,HTHG,0
135,HTAG,1
135,HTR,A
135,B365H,2.75
135,B365D,3.3
135,B365A,2.5
135,BWH,2.7
135,BWD,2.95
135,BWA,2.7
136,Date,09/01/15
136,HomeTeam,Estoril
136,AwayTeam,Moreirense
136,FTHG,1
136,FTAG,1
136,FTR,D
136,HTHG,1
136,HTAG,0
136,HTR,H
136,B365H,1.85
136,B365D,3.3
136,B365A,4.5
136,BWH,1.8
136,BWD,3.4
136,BWA,4.25
137,Date,10/01/15
137,HomeTeam,Academica
137,AwayTeam,Pacos Ferreira
137,FTHG,2
137,FTAG,2
137,FTR,D
137,HTHG,0
137,HTAG,0
137,HTR,D
137,B365H,2.9
137,B365D,3.3
137,B365A,2.38
137,BWH,2.75
137,BWD,3.25
137,BWA,2.45
138,Date,10/01/15
138,HomeTeam,Benfica
138,AwayTeam,Guimaraes
138,FTHG,3
138,FTAG,0
138,FTR,H
138,HTHG,1
138,HTAG,0
138,HTR,H
138,B365H,1.33
138,B365D,4.75
138,B365A,9.5
138,BWH,1.33
138,BWD,4.6
138,BWA,9
139,Date,10/01/15
139,HomeTeam,Porto
139,AwayTeam,Belenenses
139,FTHG,3
139,FTAG,0
139,FTR,H
139,HTHG,1
139,HTAG,0
139,HTR,H
139,B365H,1.18
139,B365D,6.5
139,B365A,15
139,BWH,1.18
139,BWD,6.25
139,BWA,13.5
140,Date,11/01/15
140,HomeTeam,Arouca
140,AwayTeam,Setubal
140,FTHG,1
140,FTAG,0
140,FTR,H
140,HTHG,0
140,HTAG,0
140,HTR,D
140,B365H,2.05
140,B365D,3.2
140,B365A,3.8
140,BWH,2.05
140,BWD,3.25
140,BWA,3.5
141,Date,11/01/15
141,HomeTeam,Gil Vicente
141,AwayTeam,Penafiel
141,FTHG,2
141,FTAG,1
141,FTR,H
141,HTHG,0
141,HTAG,1
141,HTR,A
141,B365H,2.1
141,B365D,3.25
141,B365A,3.5
141,BWH,2.15
141,BWD,3.2
141,BWA,3.3
142,Date,11/01/15
142,HomeTeam,Nacional
142,AwayTeam,Boavista
142,FTHG,2
142,FTAG,1
142,FTR,H
142,HTHG,1
142,HTAG,1
142,HTR,D
142,B365H,1.62
142,B365D,3.6
142,B365A,6
142,BWH,1.67
142,BWD,3.6
142,BWA,5
143,Date,11/01/15
143,HomeTeam,Rio Ave
143,AwayTeam,Maritimo
143,FTHG,0
143,FTAG,0
143,FTR,D
143,HTHG,0
143,HTAG,0
143,HTR,D
143,B365H,2.2
143,B365D,3.25
143,B365A,3.3
143,BWH,2
143,BWD,3.25
143,BWA,3.7
144,Date,11/01/15
144,HomeTeam,Sp Braga
144,AwayTeam,Sp Lisbon
144,FTHG,0
144,FTAG,1
144,FTR,A
144,HTHG,0
144,HTAG,0
144,HTR,D
144,B365H,2.8
144,B365D,3.2
144,B365A,2.5
144,BWH,2.75
144,BWD,3.1
144,BWA,2.55
145,Date,17/01/15
145,HomeTeam,Guimaraes
145,AwayTeam,Academica
145,FTHG,4
145,FTAG,0
145,FTR,H
145,HTHG,3
145,HTAG,0
145,HTR,H
145,B365H,1.62
145,B365D,3.6
145,B365A,6
145,BWH,1.55
145,BWD,3.7
145,BWA,6.25
146,Date,17/01/15
146,HomeTeam,Penafiel
146,AwayTeam,Porto
146,FTHG,1
146,FTAG,3
146,FTR,A
146,HTHG,0
146,HTAG,2
146,HTR,A
146,B365H,17
146,B365D,6.5
146,B365A,1.17
146,BWH,14
146,BWD,6.25
146,BWA,1.18
147,Date,18/01/15
147,HomeTeam,Belenenses
147,AwayTeam,Gil Vicente
147,FTHG,2
147,FTAG,0
147,FTR,H
147,HTHG,2
147,HTAG,0
147,HTR,H
147,B365H,1.91
147,B365D,3.2
147,B365A,4.33
147,BWH,1.75
147,BWD,3.3
147,BWA,4.75
148,Date,18/01/15
148,HomeTeam,Boavista
148,AwayTeam,Estoril
148,FTHG,1
148,FTAG,2
148,FTR,A
148,HTHG,1
148,HTAG,1
148,HTR,D
148,B365H,3.6
148,B365D,3.2
148,B365A,2.1
148,BWH,3.5
148,BWD,3.1
148,BWA,2.1
149,Date,18/01/15
149,HomeTeam,Maritimo
149,AwayTeam,Benfica
149,FTHG,0
149,FTAG,4
149,FTR,A
149,HTHG,0
149,HTAG,1
149,HTR,A
149,B365H,5.75
149,B365D,4.2
149,B365A,1.53
149,BWH,5.75
149,BWD,3.6
149,BWA,1.6
150,Date,18/01/15
150,HomeTeam,Moreirense
150,AwayTeam,Arouca
150,FTHG,1
150,FTAG,0
150,FTR,H
150,HTHG,1
150,HTAG,0
150,HTR,H
150,B365H,2.05
150,B365D,3.25
150,B365A,3.75
150,BWH,1.95
150,BWD,3.2
150,BWA,4
151,Date,18/01/15
151,HomeTeam,Pacos Ferreira
151,AwayTeam,Nacional
151,FTHG,2
151,FTAG,3
151,FTR,A
151,HTHG,0
151,HTAG,1
151,HTR,A
151,B365H,2.05
151,B365D,3.3
151,B365A,3.6
151,BWH,1.91
151,BWD,3.25
151,BWA,4
152,Date,18/01/15
152,HomeTeam,Setubal
152,AwayTeam,Sp Braga
152,FTHG,1
152,FTAG,3
152,FTR,A
152,HTHG,1
152,HTAG,0
152,HTR,H
152,B365H,4.5
152,B365D,3.5
152,B365A,1.8
152,BWH,4.25
152,BWD,3.3
152,BWA,1.85
153,Date,18/01/15
153,HomeTeam,Sp Lisbon
153,AwayTeam,Rio Ave
153,FTHG,4
153,FTAG,2
153,FTR,H
153,HTHG,1
153,HTAG,1
153,HTR,D
153,B365H,1.4
153,B365D,4.33
153,B365A,8.5
153,BWH,1.4
153,BWD,4.2
153,BWA,7.75
154,Date,24/01/15
154,HomeTeam,Guimaraes
154,AwayTeam,Gil Vicente
154,FTHG,2
154,FTAG,2
154,FTR,D
154,HTHG,0
154,HTAG,1
154,HTR,A
154,B365H,1.5
154,B365D,4
154,B365A,7
154,BWH,1.5
154,BWD,4.1
154,BWA,6
155,Date,25/01/15
155,HomeTeam,Belenenses
155,AwayTeam,Penafiel
155,FTHG,0
155,FTAG,0
155,FTR,D
155,HTHG,0
155,HTAG,0
155,HTR,D
155,B365H,1.75
155,B365D,3.6
155,B365A,4.75
155,BWH,1.75
155,BWD,3.6
155,BWA,4.4
156,Date,25/01/15
156,HomeTeam,Boavista
156,AwayTeam,Sp Braga
156,FTHG,1
156,FTAG,0
156,FTR,H
156,HTHG,0
156,HTAG,0
156,HTR,D
156,B365H,5.5
156,B365D,3.6
156,B365A,1.65
156,BWH,5
156,BWD,3.6
156,BWA,1.65
157,Date,25/01/15
157,HomeTeam,Estoril
157,AwayTeam,Arouca
157,FTHG,1
157,FTAG,0
157,FTR,H
157,HTHG,0
157,HTAG,0
157,HTR,D
157,B365H,1.6
157,B365D,3.75
157,B365A,5.75
157,BWH,1.67
157,BWD,3.5
157,BWA,5
158,Date,25/01/15
158,HomeTeam,Maritimo
158,AwayTeam,Porto
158,FTHG,1
158,FTAG,0
158,FTR,H
158,HTHG,1
158,HTAG,0
158,HTR,H
158,B365H,7
158,B365D,4.75
158,B365A,1.4
158,BWH,7.5
158,BWD,4.25
158,BWA,1.4
159,Date,25/01/15
159,HomeTeam,Moreirense
159,AwayTeam,Nacional
159,FTHG,2
159,FTAG,3
159,FTR,A
159,HTHG,1
159,HTAG,0
159,HTR,H
159,B365H,2.25
159,B365D,3.2
159,B365A,3.25
159,BWH,2.45
159,BWD,3.25
159,BWA,2.75
160,Date,25/01/15
160,HomeTeam,Setubal
160,AwayTeam,Rio Ave
160,FTHG,4
160,FTAG,1
160,FTR,H
160,HTHG,1
160,HTAG,1
160,HTR,D
160,B365H,3.1
160,B365D,3.25
160,B365A,2.3
160,BWH,3.1
160,BWD,3
160,BWA,2.35
161,Date,25/01/15
161,HomeTeam,Sp Lisbon
161,AwayTeam,Academica
161,FTHG,1
161,FTAG,0
161,FTR,H
161,HTHG,0
161,HTAG,0
161,HTR,D
161,B365H,1.2
161,B365D,6.5
161,B365A,13
161,BWH,1.2
161,BWD,6.25
161,BWA,13
162,Date,26/01/15
162,HomeTeam,Pacos Ferreira
162,AwayTeam,Benfica
162,FTHG,1
162,FTAG,0
162,FTR,H
162,HTHG,0
162,HTAG,0
162,HTR,D
162,B365H,7
162,B365D,4
162,B365A,1.5
162,BWH,6.25
162,BWD,4
162,BWA,1.5
163,Date,30/01/15
163,HomeTeam,Sp Braga
163,AwayTeam,Moreirense
163,FTHG,1
163,FTAG,0
163,FTR,H
163,HTHG,0
163,HTAG,0
163,HTR,D
163,B365H,1.57
163,B365D,3.75
163,B365A,6
163,BWH,1.57
163,BWD,3.6
163,BWA,6
164,Date,31/01/15
164,HomeTeam,Benfica
164,AwayTeam,Boavista
164,FTHG,3
164,FTAG,0
164,FTR,H
164,HTHG,2
164,HTAG,0
164,HTR,H
164,B365H,1.18
164,B365D,6.5
164,B365A,15
164,BWH,1.15
164,BWD,7
164,BWA,15.5
165,Date,31/01/15
165,HomeTeam,Nacional
165,AwayTeam,Belenenses
165,FTHG,2
165,FTAG,1
165,FTR,H
165,HTHG,1
165,HTAG,1
165,HTR,D
165,B365H,1.91
165,B365D,3.3
165,B365A,4.2
165,BWH,1.85
165,BWD,3.3
165,BWA,4.2
166,Date,31/01/15
166,HomeTeam,Penafiel
166,AwayTeam,Guimaraes
166,FTHG,1
166,FTAG,1
166,FTR,D
166,HTHG,1
166,HTAG,0
166,HTR,H
166,B365H,4.5
166,B365D,3.75
166,B365A,1.73
166,BWH,4.75
166,BWD,3.4
166,BWA,1.75
167,Date,01/02/15
167,HomeTeam,Academica
167,AwayTeam,Maritimo
167,FTHG,1
167,FTAG,1
167,FTR,D
167,HTHG,0
167,HTAG,1
167,HTR,A
167,B365H,3
167,B365D,3.1
167,B365A,2.45
167,BWH,3
167,BWD,3
167,BWA,2.4
168,Date,01/02/15
168,HomeTeam,Arouca
168,AwayTeam,Sp Lisbon
168,FTHG,1
168,FTAG,3
168,FTR,A
168,HTHG,1
168,HTAG,1
168,HTR,D
168,B365H,9.5
168,B365D,4
168,B365A,1.4
168,BWH,7.25
168,BWD,3.9
168,BWA,1.45
169,Date,01/02/15
169,HomeTeam,Gil Vicente
169,AwayTeam,Setubal
169,FTHG,1
169,FTAG,1
169,FTR,D
169,HTHG,1
169,HTAG,0
169,HTR,H
169,B365H,2.5
169,B365D,3
169,B365A,3
169,BWH,2.4
169,BWD,3
169,BWA,3
170,Date,01/02/15
170,HomeTeam,Porto
170,AwayTeam,Pacos Ferreira
170,FTHG,5
170,FTAG,0
170,FTR,H
170,HTHG,3
170,HTAG,0
170,HTR,H
170,B365H,1.2
170,B365D,6
170,B365A,15
170,BWH,1.18
170,BWD,6
170,BWA,14.5
171,Date,01/02/15
171,HomeTeam,Rio Ave
171,AwayTeam,Estoril
171,FTHG,2
171,FTAG,1
171,FTR,H
171,HTHG,1
171,HTAG,0
171,HTR,H
171,B365H,2.63
171,B365D,3
171,B365A,2.88
171,BWH,2.4
171,BWD,3
171,BWA,3
172,Date,07/02/15
172,HomeTeam,Moreirense
172,AwayTeam,Porto
172,FTHG,0
172,FTAG,2
172,FTR,A
172,HTHG,0
172,HTAG,1
172,HTR,A
172,B365H,15
172,B365D,5.5
172,B365A,1.22
172,BWH,12
172,BWD,5
172,BWA,1.25
173,Date,08/02/15
173,HomeTeam,Arouca
173,AwayTeam,Nacional
173,FTHG,3
173,FTAG,3
173,FTR,D
173,HTHG,1
173,HTAG,2
173,HTR,A
173,B365H,2.75
173,B365D,3.3
173,B365A,2.5
173,BWH,2.45
173,BWD,3.2
173,BWA,2.75
174,Date,08/02/15
174,HomeTeam,Estoril
174,AwayTeam,Sp Braga
174,FTHG,0
174,FTAG,2
174,FTR,A
174,HTHG,0
174,HTAG,0
174,HTR,D
174,B365H,2.8
174,B365D,3.25
174,B365A,2.5
174,BWH,2.6
174,BWD,3.2
174,BWA,2.6
175,Date,08/02/15
175,HomeTeam,Guimaraes
175,AwayTeam,Belenenses
175,FTHG,0
175,FTAG,1
175,FTR,A
175,HTHG,0
175,HTAG,0
175,HTR,D
175,B365H,1.57
175,B365D,3.8
175,B365A,6
175,BWH,1.62
175,BWD,3.5
175,BWA,5.5
176,Date,08/02/15
176,HomeTeam,Maritimo
176,AwayTeam,Gil Vicente
176,FTHG,1
176,FTAG,2
176,FTR,A
176,HTHG,1
176,HTAG,1
176,HTR,D
176,B365H,1.5
176,B365D,3.8
176,B365A,7.5
176,BWH,1.5
176,BWD,4
176,BWA,6
177,Date,08/02/15
177,HomeTeam,Pacos Ferreira
177,AwayTeam,Penafiel
177,FTHG,2
177,FTAG,1
177,FTR,H
177,HTHG,0
177,HTAG,0
177,HTR,D
177,B365H,1.5
177,B365D,4
177,B365A,7
177,BWH,1.5
177,BWD,3.8
177,BWA,6.5
178,Date,08/02/15
178,HomeTeam,Setubal
178,AwayTeam,Academica
178,FTHG,0
178,FTAG,0
178,FTR,D
178,HTHG,0
178,HTAG,0
178,HTR,D
178,B365H,2.1
178,B365D,3.25
178,B365A,3.6
178,BWH,2
178,BWD,3.25
178,BWA,3.7
179,Date,08/02/15
179,HomeTeam,Sp Lisbon
179,AwayTeam,Benfica
179,FTHG,1
179,FTAG,1
179,FTR,D
179,HTHG,0
179,HTAG,0
179,HTR,D
179,B365H,2.5
179,B365D,3.25
179,B365A,2.8
179,BWH,2.65
179,BWD,3.1
179,BWA,2.6
180,Date,09/02/15
180,HomeTeam,Boavista
180,AwayTeam,Rio Ave
180,FTHG,1
180,FTAG,1
180,FTR,D
180,HTHG,0
180,HTAG,1
180,HTR,A
180,B365H,3.25
180,B365D,3.2
180,B365A,2.25
180,BWH,2.85
180,BWD,3.1
180,BWA,2.45
181,Date,13/02/15
181,HomeTeam,Porto
181,AwayTeam,Guimaraes
181,FTHG,1
181,FTAG,0
181,FTR,H
181,HTHG,1
181,HTAG,0
181,HTR,H
181,B365H,1.2
181,B365D,6
181,B365A,15
181,BWH,1.22
181,BWD,6
181,BWA,12.5
182,Date,14/02/15
182,HomeTeam,Belenenses
182,AwayTeam,Sp Lisbon
182,FTHG,1
182,FTAG,1
182,FTR,D
182,HTHG,0
182,HTAG,0
182,HTR,D
182,B365H,8
182,B365D,4
182,B365A,1.44
182,BWH,6.75
182,BWD,3.8
182,BWA,1.5
183,Date,14/02/15
183,HomeTeam,Gil Vicente
183,AwayTeam,Pacos Ferreira
183,FTHG,1
183,FTAG,0
183,FTR,H
183,HTHG,0
183,HTAG,0
183,HTR,D
183,B365H,2.9
183,B365D,3.3
183,B365A,2.4
183,BWH,3.1
183,BWD,3.1
183,BWA,2.3
184,Date,15/02/15
184,HomeTeam,Academica
184,AwayTeam,Boavista
184,FTHG,0
184,FTAG,0
184,FTR,D
184,HTHG,0
184,HTAG,0
184,HTR,D
184,B365H,2.1
184,B365D,3.2
184,B365A,3.6
184,BWH,2.05
184,BWD,3
184,BWA,3.8
185,Date,15/02/15
185,HomeTeam,Benfica
185,AwayTeam,Setubal
185,FTHG,3
185,FTAG,0
185,FTR,H
185,HTHG,2
185,HTAG,0
185,HTR,H
185,B365H,1.17
185,B365D,7
185,B365A,15
185,BWH,1.16
185,BWD,6.5
185,BWA,15
186,Date,15/02/15
186,HomeTeam,Penafiel
186,AwayTeam,Maritimo
186,FTHG,3
186,FTAG,4
186,FTR,A
186,HTHG,2
186,HTAG,1
186,HTR,H
186,B365H,3.1
186,B365D,3.1
186,B365A,2.38
186,BWH,3.4
186,BWD,3.1
186,BWA,2.15
187,Date,15/02/15
187,HomeTeam,Rio Ave
187,AwayTeam,Moreirense
187,FTHG,1
187,FTAG,1
187,FTR,D
187,HTHG,1
187,HTAG,1
187,HTR,D
187,B365H,2.05
187,B365D,3.2
187,B365A,3.8
187,BWH,2
187,BWD,3.2
187,BWA,3.7
188,Date,15/02/15
188,HomeTeam,Sp Braga
188,AwayTeam,Arouca
188,FTHG,2
188,FTAG,0
188,FTR,H
188,HTHG,1
188,HTAG,0
188,HTR,H
188,B365H,1.36
188,B365D,4.33
188,B365A,10
188,BWH,1.4
188,BWD,4.25
188,BWA,7.75
189,Date,16/02/15
189,HomeTeam,Nacional
189,AwayTeam,Estoril
189,FTHG,1
189,FTAG,0
189,FTR,H
189,HTHG,0
189,HTAG,0
189,HTR,D
189,B365H,2.2
189,B365D,3.25
189,B365A,3.3
189,BWH,2.35
189,BWD,3
189,BWA,3.1
190,Date,20/02/15
190,HomeTeam,Pacos Ferreira
190,AwayTeam,Guimaraes
190,FTHG,2
190,FTAG,2
190,FTR,D
190,HTHG,1
190,HTAG,1
190,HTR,D
190,B365H,2.6
190,B365D,3.2
190,B365A,2.75
190,BWH,2.5
190,BWD,3.1
190,BWA,2.8
191,Date,21/02/15
191,HomeTeam,Moreirense
191,AwayTeam,Benfica
191,FTHG,1
191,FTAG,3
191,FTR,A
191,HTHG,1
191,HTAG,0
191,HTR,H
191,B365H,9
191,B365D,5
191,B365A,1.33
191,BWH,9
191,BWD,4.4
191,BWA,1.35
192,Date,21/02/15
192,HomeTeam,Setubal
192,AwayTeam,Penafiel
192,FTHG,0
192,FTAG,1
192,FTR,A
192,HTHG,0
192,HTAG,0
192,HTR,D
192,B365H,2
192,B365D,3.2
192,B365A,4
192,BWH,2
192,BWD,3.25
192,BWA,3.7
193,Date,21/02/15
193,HomeTeam,Sp Braga
193,AwayTeam,Nacional
193,FTHG,3
193,FTAG,1
193,FTR,H
193,HTHG,0
193,HTAG,1
193,HTR,A
193,B365H,1.6
193,B365D,3.8
193,B365A,5.75
193,BWH,1.55
193,BWD,3.75
193,BWA,6
194,Date,22/02/15
194,HomeTeam,Arouca
194,AwayTeam,Rio Ave
194,FTHG,1
194,FTAG,0
194,FTR,H
194,HTHG,1
194,HTAG,0
194,HTR,H
194,B365H,3
194,B365D,3.2
194,B365A,2.4
194,BWH,2.95
194,BWD,3.1
194,BWA,2.4
195,Date,22/02/15
195,HomeTeam,Estoril
195,AwayTeam,Academica
195,FTHG,1
195,FTAG,2
195,FTR,A
195,HTHG,0
195,HTAG,1
195,HTR,A
195,B365H,1.73
195,B365D,3.5
195,B365A,5
195,BWH,1.7
195,BWD,3.5
195,BWA,4.75
196,Date,22/02/15
196,HomeTeam,Maritimo
196,AwayTeam,Belenenses
196,FTHG,1
196,FTAG,2
196,FTR,A
196,HTHG,1
196,HTAG,1
196,HTR,D
196,B365H,1.91
196,B365D,3.25
196,B365A,4.2
196,BWH,1.91
196,BWD,3.25
196,BWA,4
197,Date,22/02/15
197,HomeTeam,Sp Lisbon
197,AwayTeam,Gil Vicente
197,FTHG,2
197,FTAG,0
197,FTR,H
197,HTHG,0
197,HTAG,0
197,HTR,D
197,B365H,1.17
197,B365D,6.5
197,B365A,19
197,BWH,1.19
197,BWD,6
197,BWA,13
198,Date,23/02/15
198,HomeTeam,Boavista
198,AwayTeam,Porto
198,FTHG,0
198,FTAG,2
198,FTR,A
198,HTHG,0
198,HTAG,0
198,HTR,D
198,B365H,11
198,B365D,6.5
198,B365A,1.22
198,BWH,10
198,BWD,5.25
198,BWA,1.26
199,Date,27/02/15
199,HomeTeam,Guimaraes
199,AwayTeam,Maritimo
199,FTHG,1
199,FTAG,0
199,FTR,H
199,HTHG,1
199,HTAG,0
199,HTR,H
199,B365H,1.75
199,B365D,3.75
199,B365A,4.33
199,BWH,1.8
199,BWD,3.4
199,BWA,4.33
200,Date,28/02/15
200,HomeTeam,Benfica
200,AwayTeam,Estoril
200,FTHG,6
200,FTAG,0
200,FTR,H
200,HTHG,4
200,HTAG,0
200,HTR,H
200,B365H,1.22
200,B365D,5.75
200,B365A,13
200,BWH,1.22
200,BWD,5.75
200,BWA,11.5
201,Date,28/02/15
201,HomeTeam,Gil Vicente
201,AwayTeam,Boavista
201,FTHG,1
201,FTAG,1
201,FTR,D
201,HTHG,0
201,HTAG,0
201,HTR,D
201,B365H,2.3
201,B365D,3.2
201,B365A,3.1
201,BWH,2.3
201,BWD,2.95
201,BWA,3.25
202,Date,28/02/15
202,HomeTeam,Nacional
202,AwayTeam,Setubal
202,FTHG,3
202,FTAG,0
202,FTR,H
202,HTHG,2
202,HTAG,0
202,HTR,H
202,B365H,1.57
202,B365D,3.75
202,B365A,6
202,BWH,1.6
202,BWD,3.6
202,BWA,5.75
203,Date,28/02/15
203,HomeTeam,Rio Ave
203,AwayTeam,Sp Braga
203,FTHG,0
203,FTAG,2
203,FTR,A
203,HTHG,0
203,HTAG,0
203,HTR,D
203,B365H,3.75
203,B365D,3.3
203,B365A,2
203,BWH,3.6
203,BWD,3.2
203,BWA,2.05
204,Date,01/03/15
204,HomeTeam,Academica
204,AwayTeam,Arouca
204,FTHG,1
204,FTAG,1
204,FTR,D
204,HTHG,1
204,HTAG,0
204,HTR,H
204,B365H,2.2
204,B365D,3.2
204,B365A,3.4
204,BWH,2.2
204,BWD,3.1
204,BWA,3.3
205,Date,01/03/15
205,HomeTeam,Penafiel
205,AwayTeam,Moreirense
205,FTHG,1
205,FTAG,2
205,FTR,A
205,HTHG,1
205,HTAG,0
205,HTR,H
205,B365H,2.88
205,B365D,3.2
205,B365A,2.5
205,BWH,2.9
205,BWD,2.9
205,BWA,2.55
206,Date,01/03/15
206,HomeTeam,Porto
206,AwayTeam,Sp Lisbon
206,FTHG,3
206,FTAG,0
206,FTR,H
206,HTHG,1
206,HTAG,0
206,HTR,H
206,B365H,1.67
206,B365D,3.75
206,B365A,5
206,BWH,1.67
206,BWD,3.6
206,BWA,5
207,Date,02/03/15
207,HomeTeam,Belenenses
207,AwayTeam,Pacos Ferreira
207,FTHG,0
207,FTAG,1
207,FTR,A
207,HTHG,0
207,HTAG,1
207,HTR,A
207,B365H,2.38
207,B365D,3.2
207,B365A,3
207,BWH,2.4
207,BWD,3
207,BWA,3
208,Date,06/03/15
208,HomeTeam,Sp Braga
208,AwayTeam,Porto
208,FTHG,0
208,FTAG,1
208,FTR,A
208,HTHG,0
208,HTAG,0
208,HTR,D
208,B365H,4.33
208,B365D,3.4
208,B365A,1.85
208,BWH,4.33
208,BWD,3.4
208,BWA,1.85
209,Date,07/03/15
209,HomeTeam,Setubal
209,AwayTeam,Belenenses
209,FTHG,1
209,FTAG,1
209,FTR,D
209,HTHG,1
209,HTAG,1
209,HTR,D
209,B365H,2.5
209,B365D,3
209,B365A,3
209,BWH,2.45
209,BWD,3
209,BWA,2.95
210,Date,08/03/15
210,HomeTeam,Arouca
210,AwayTeam,Benfica
210,FTHG,1
210,FTAG,3
210,FTR,A
210,HTHG,1
210,HTAG,0
210,HTR,H
210,B365H,15
210,B365D,5.5
210,B365A,1.22
210,BWH,12
210,BWD,5
210,BWA,1.25
211,Date,08/03/15
211,HomeTeam,Boavista
211,AwayTeam,Guimaraes
211,FTHG,3
211,FTAG,1
211,FTR,H
211,HTHG,0
211,HTAG,1
211,HTR,A
211,B365H,3.6
211,B365D,3.3
211,B365A,2.05
211,BWH,4.1
211,BWD,3.4
211,BWA,1.85
212,Date,08/03/15
212,HomeTeam,Estoril
212,AwayTeam,Gil Vicente
212,FTHG,1
212,FTAG,1
212,FTR,D
212,HTHG,1
212,HTAG,0
212,HTR,H
212,B365H,1.73
212,B365D,3.6
212,B365A,4.75
212,BWH,1.62
212,BWD,3.6
212,BWA,5.5
213,Date,08/03/15
213,HomeTeam,Maritimo
213,AwayTeam,Pacos Ferreira
213,FTHG,2
213,FTAG,1
213,FTR,H
213,HTHG,1
213,HTAG,1
213,HTR,D
213,B365H,2.3
213,B365D,3.2
213,B365A,3.2
213,BWH,2.35
213,BWD,3.1
213,BWA,3
214,Date,08/03/15
214,HomeTeam,Moreirense
214,AwayTeam,Academica
214,FTHG,0
214,FTAG,2
214,FTR,A
214,HTHG,0
214,HTAG,0
214,HTR,D
214,B365H,1.91
214,B365D,3.3
214,B365A,4.2
214,BWH,1.95
214,BWD,3.2
214,BWA,4
215,Date,09/03/15
215,HomeTeam,Rio Ave
215,AwayTeam,Nacional
215,FTHG,1
215,FTAG,1
215,FTR,D
215,HTHG,0
215,HTAG,0
215,HTR,D
215,B365H,2.3
215,B365D,3.2
215,B365A,3.2
215,BWH,2.35
215,BWD,3
215,BWA,3.1
216,Date,09/03/15
216,HomeTeam,Sp Lisbon
216,AwayTeam,Penafiel
216,FTHG,3
216,FTAG,2
216,FTR,H
216,HTHG,2
216,HTAG,2
216,HTR,D
216,B365H,1.17
216,B365D,7.5
216,B365A,15
216,BWH,1.18
216,BWD,6.25
216,BWA,13.5
217,Date,13/03/15
217,HomeTeam,Pacos Ferreira
217,AwayTeam,Boavista
217,FTHG,1
217,FTAG,0
217,FTR,H
217,HTHG,1
217,HTAG,0
217,HTR,H
217,B365H,1.73
217,B365D,3.5
217,B365A,5
217,BWH,1.75
217,BWD,3.5
217,BWA,4.5
218,Date,14/03/15
218,HomeTeam,Belenenses
218,AwayTeam,Estoril
218,FTHG,2
218,FTAG,2
218,FTR,D
218,HTHG,1
218,HTAG,1
218,HTR,D
218,B365H,2.63
218,B365D,3.1
218,B365A,2.75
218,BWH,2.55
218,BWD,2.9
218,BWA,2.9
219,Date,14/03/15
219,HomeTeam,Benfica
219,AwayTeam,Sp Braga
219,FTHG,2
219,FTAG,0
219,FTR,H
219,HTHG,1
219,HTAG,0
219,HTR,H
219,B365H,1.4
219,B365D,4.33
219,B365A,8
219,BWH,1.45
219,BWD,4
219,BWA,7
220,Date,14/03/15
220,HomeTeam,Guimaraes
220,AwayTeam,Setubal
220,FTHG,0
220,FTAG,1
220,FTR,A
220,HTHG,0
220,HTAG,0
220,HTR,D
220,B365H,1.7
220,B365D,3.6
220,B365A,5
220,BWH,1.67
220,BWD,3.5
220,BWA,5
221,Date,15/03/15
221,HomeTeam,Academica
221,AwayTeam,Nacional
221,FTHG,2
221,FTAG,1
221,FTR,H
221,HTHG,1
221,HTAG,0
221,HTR,H
221,B365H,3
221,B365D,3.2
221,B365A,2.38
221,BWH,3.1
221,BWD,3
221,BWA,2.35
222,Date,15/03/15
222,HomeTeam,Gil Vicente
222,AwayTeam,Moreirense
222,FTHG,0
222,FTAG,1
222,FTR,A
222,HTHG,0
222,HTAG,0
222,HTR,D
222,B365H,2.6
222,B365D,3.1
222,B365A,2.8
222,BWH,2.65
222,BWD,2.95
222,BWA,2.75
223,Date,15/03/15
223,HomeTeam,Maritimo
223,AwayTeam,Sp Lisbon
223,FTHG,0
223,FTAG,1
223,FTR,A
223,HTHG,0
223,HTAG,1
223,HTR,A
223,B365H,6.5
223,B365D,3.6
223,B365A,1.57
223,BWH,5
223,BWD,3.8
223,BWA,1.62
224,Date,15/03/15
224,HomeTeam,Penafiel
224,AwayTeam,Rio Ave
224,FTHG,0
224,FTAG,2
224,FTR,A
224,HTHG,0
224,HTAG,0
224,HTR,D
224,B365H,3.5
224,B365D,3.1
224,B365A,2.2
224,BWH,3.25
224,BWD,3.1
224,BWA,2.2
225,Date,15/03/15
225,HomeTeam,Porto
225,AwayTeam,Arouca
225,FTHG,1
225,FTAG,0
225,FTR,H
225,HTHG,1
225,HTAG,0
225,HTR,H
225,B365H,1.13
225,B365D,7.5
225,B365A,23
225,BWH,1.11
225,BWD,8
225,BWA,19.5
226,Date,20/03/15
226,HomeTeam,Sp Braga
226,AwayTeam,Academica
226,FTHG,0
226,FTAG,0
226,FTR,D
226,HTHG,0
226,HTAG,0
226,HTR,D
226,B365H,1.33
226,B365D,4.33
226,B365A,8
226,BWH,1.4
226,BWD,4.25
226,BWA,7.5
227,Date,21/03/15
227,HomeTeam,Estoril
227,AwayTeam,Penafiel
227,FTHG,3
227,FTAG,3
227,FTR,D
227,HTHG,1
227,HTAG,2
227,HTR,A
227,B365H,1.53
227,B365D,3.6
227,B365A,5.75
227,BWH,1.6
227,BWD,3.6
227,BWA,5.5
228,Date,21/03/15
228,HomeTeam,Nacional
228,AwayTeam,Porto
228,FTHG,1
228,FTAG,1
228,FTR,D
228,HTHG,0
228,HTAG,1
228,HTR,A
228,B365H,9
228,B365D,4.33
228,B365A,1.33
228,BWH,9.5
228,BWD,4.1
228,BWA,1.36
229,Date,21/03/15
229,HomeTeam,Rio Ave
229,AwayTeam,Benfica
229,FTHG,2
229,FTAG,1
229,FTR,H
229,HTHG,0
229,HTAG,1
229,HTR,A
229,B365H,8
229,B365D,4.5
229,B365A,1.33
229,BWH,8.5
229,BWD,4.4
229,BWA,1.36
230,Date,22/03/15
230,HomeTeam,Arouca
230,AwayTeam,Gil Vicente
230,FTHG,3
230,FTAG,1
230,FTR,H
230,HTHG,1
230,HTAG,0
230,HTR,H
230,B365H,2.15
230,B365D,3.1
230,B365A,3.25
230,BWH,2.15
230,BWD,3.2
230,BWA,3.3
231,Date,22/03/15
231,HomeTeam,Boavista
231,AwayTeam,Belenenses
231,FTHG,1
231,FTAG,0
231,FTR,H
231,HTHG,0
231,HTAG,0
231,HTR,D
231,B365H,2.4
231,B365D,3.1
231,B365A,2.8
231,BWH,2.5
231,BWD,3.1
231,BWA,2.8
232,Date,22/03/15
232,HomeTeam,Moreirense
232,AwayTeam,Maritimo
232,FTHG,1
232,FTAG,1
232,FTR,D
232,HTHG,1
232,HTAG,0
232,HTR,H
232,B365H,2.25
232,B365D,3.2
232,B365A,3
232,BWH,2.25
232,BWD,3.2
232,BWA,3.1
233,Date,22/03/15
233,HomeTeam,Sp Lisbon
233,AwayTeam,Guimaraes
233,FTHG,4
233,FTAG,1
233,FTR,H
233,HTHG,3
233,HTAG,0
233,HTR,H
233,B365H,1.36
233,B365D,4.2
233,B365A,8
233,BWH,1.44
233,BWD,4.2
233,BWA,7
234,Date,23/03/15
234,HomeTeam,Setubal
234,AwayTeam,Pacos Ferreira
234,FTHG,0
234,FTAG,0
234,FTR,D
234,HTHG,0
234,HTAG,0
234,HTR,D
234,B365H,2.63
234,B365D,3
234,B365A,2.6
234,BWH,2.6
234,BWD,3
234,BWA,2.75
235,Date,03/04/15
235,HomeTeam,Academica
235,AwayTeam,Rio Ave
235,FTHG,0
235,FTAG,0
235,FTR,D
235,HTHG,0
235,HTAG,0
235,HTR,D
235,B365H,2.45
235,B365D,3.2
235,B365A,2.9
235,BWH,2.65
235,BWD,2.85
235,BWA,2.85
236,Date,03/04/15
236,HomeTeam,Gil Vicente
236,AwayTeam,Sp Braga
236,FTHG,0
236,FTAG,2
236,FTR,A
236,HTHG,0
236,HTAG,2
236,HTR,A
236,B365H,5
236,B365D,3.5
236,B365A,1.73
236,BWH,4.5
236,BWD,3.6
236,BWA,1.73
237,Date,03/04/15
237,HomeTeam,Guimaraes
237,AwayTeam,Arouca
237,FTHG,1
237,FTAG,0
237,FTR,H
237,HTHG,0
237,HTAG,0
237,HTR,D
237,B365H,1.67
237,B365D,3.6
237,B365A,5.25
237,BWH,1.65
237,BWD,3.6
237,BWA,5
238,Date,04/04/15
238,HomeTeam,Belenenses
238,AwayTeam,Moreirense
238,FTHG,2
238,FTAG,0
238,FTR,H
238,HTHG,2
238,HTAG,0
238,HTR,H
238,B365H,2.15
238,B365D,3
238,B365A,3.75
238,BWH,2.2
238,BWD,2.95
238,BWA,3.5
239,Date,04/04/15
239,HomeTeam,Benfica
239,AwayTeam,Nacional
239,FTHG,3
239,FTAG,1
239,FTR,H
239,HTHG,2
239,HTAG,0
239,HTR,H
239,B365H,1.22
239,B365D,6
239,B365A,12
239,BWH,1.18
239,BWD,6
239,BWA,15.5
240,Date,04/04/15
240,HomeTeam,Pacos Ferreira
240,AwayTeam,Sp Lisbon
240,FTHG,1
240,FTAG,1
240,FTR,D
240,HTHG,0
240,HTAG,1
240,HTR,A
240,B365H,5.75
240,B365D,3.9
240,B365A,1.57
240,BWH,5.5
240,BWD,3.8
240,BWA,1.57
241,Date,04/04/15
241,HomeTeam,Penafiel
241,AwayTeam,Boavista
241,FTHG,2
241,FTAG,2
241,FTR,D
241,HTHG,0
241,HTAG,1
241,HTR,A
241,B365H,2.5
241,B365D,3.1
241,B365A,2.9
241,BWH,2.5
241,BWD,3.1
241,BWA,2.8
242,Date,06/04/15
242,HomeTeam,Maritimo
242,AwayTeam,Setubal
242,FTHG,1
242,FTAG,1
242,FTR,D
242,HTHG,0
242,HTAG,0
242,HTR,D
242,B365H,1.95
242,B365D,3.3
242,B365A,4
242,BWH,1.83
242,BWD,3.3
242,BWA,4.4
243,Date,06/04/15
243,HomeTeam,Porto
243,AwayTeam,Estoril
243,FTHG,5
243,FTAG,0
243,FTR,H
243,HTHG,2
243,HTAG,0
243,HTR,H
243,B365H,1.18
243,B365D,7
243,B365A,13
243,BWH,1.14
243,BWD,6.75
243,BWA,17
244,Date,10/04/15
244,HomeTeam,Arouca
244,AwayTeam,Belenenses
244,FTHG,0
244,FTAG,1
244,FTR,A
244,HTHG,0
244,HTAG,0
244,HTR,D
244,B365H,2.25
244,B365D,3
244,B365A,3.5
244,BWH,2.35
244,BWD,3.1
244,BWA,3.2
245,Date,11/04/15
245,HomeTeam,Benfica
245,AwayTeam,Academica
245,FTHG,5
245,FTAG,1
245,FTR,H
245,HTHG,3
245,HTAG,0
245,HTR,H
245,B365H,1.14
245,B365D,7.5
245,B365A,17
245,BWH,1.13
245,BWD,7.5
245,BWA,15.5
246,Date,11/04/15
246,HomeTeam,Boavista
246,AwayTeam,Maritimo
246,FTHG,0
246,FTAG,2
246,FTR,A
246,HTHG,0
246,HTAG,0
246,HTR,D
246,B365H,2.5
246,B365D,3.2
246,B365A,2.88
246,BWH,2.35
246,BWD,3.1
246,BWA,3
247,Date,11/04/15
247,HomeTeam,Moreirense
247,AwayTeam,Guimaraes
247,FTHG,2
247,FTAG,1
247,FTR,H
247,HTHG,0
247,HTAG,1
247,HTR,A
247,B365H,3
247,B365D,3.2
247,B365A,2.38
247,BWH,2.75
247,BWD,3.1
247,BWA,2.55
248,Date,11/04/15
248,HomeTeam,Rio Ave
248,AwayTeam,Porto
248,FTHG,1
248,FTAG,3
248,FTR,A
248,HTHG,0
248,HTAG,2
248,HTR,A
248,B365H,9
248,B365D,5.25
248,B365A,1.3
248,BWH,8.25
248,BWD,4.6
248,BWA,1.35
249,Date,12/04/15
249,HomeTeam,Nacional
249,AwayTeam,Gil Vicente
249,FTHG,3
249,FTAG,2
249,FTR,H
249,HTHG,1
249,HTAG,0
249,HTR,H
249,B365H,1.57
249,B365D,3.6
249,B365A,6.5
249,BWH,1.55
249,BWD,3.75
249,BWA,6
250,Date,12/04/15
250,HomeTeam,Setubal
250,AwayTeam,Sp Lisbon
250,FTHG,1
250,FTAG,2
250,FTR,A
250,HTHG,0
250,HTAG,2
250,HTR,A
250,B365H,7.5
250,B365D,4.2
250,B365A,1.44
250,BWH,6.5
250,BWD,4
250,BWA,1.48
251,Date,12/04/15
251,HomeTeam,Sp Braga
251,AwayTeam,Penafiel
251,FTHG,4
251,FTAG,0
251,FTR,H
251,HTHG,1
251,HTAG,0
251,HTR,H
251,B365H,1.22
251,B365D,6
251,B365A,13
251,BWH,1.25
251,BWD,5.5
251,BWA,10
252,Date,13/04/15
252,HomeTeam,Estoril
252,AwayTeam,Pacos Ferreira
252,FTHG,1
252,FTAG,0
252,FTR,H
252,HTHG,0
252,HTAG,0
252,HTR,D
252,B365H,2.25
252,B365D,3.2
252,B365A,3.25
252,BWH,2.2
252,BWD,3.4
252,BWA,3
253,Date,17/04/15
253,HomeTeam,Guimaraes
253,AwayTeam,Sp Braga
253,FTHG,1
253,FTAG,0
253,FTR,H
253,HTHG,0
253,HTAG,0
253,HTR,D
253,B365H,3.4
253,B365D,3.3
253,B365A,2.15
253,BWH,3.6
253,BWD,3.3
253,BWA,2
254,Date,18/04/15
254,HomeTeam,Belenenses
254,AwayTeam,Benfica
254,FTHG,0
254,FTAG,2
254,FTR,A
254,HTHG,0
254,HTAG,1
254,HTR,A
254,B365H,15
254,B365D,6
254,B365A,1.2
254,BWH,15.5
254,BWD,5.5
254,BWA,1.2
255,Date,18/04/15
255,HomeTeam,Porto
255,AwayTeam,Academica
255,FTHG,1
255,FTAG,0
255,FTR,H
255,HTHG,1
255,HTAG,0
255,HTR,H
255,B365H,1.08
255,B365D,10
255,B365A,26
255,BWH,1.08
255,BWD,8.5
255,BWA,29
256,Date,19/04/15
256,HomeTeam,Gil Vicente
256,AwayTeam,Rio Ave
256,FTHG,0
256,FTAG,0
256,FTR,D
256,HTHG,0
256,HTAG,0
256,HTR,D
256,B365H,3
256,B365D,3
256,B365A,2.5
256,BWH,2.9
256,BWD,3.1
256,BWA,2.45
257,Date,19/04/15
257,HomeTeam,Pacos Ferreira
257,AwayTeam,Moreirense
257,FTHG,0
257,FTAG,0
257,FTR,D
257,HTHG,0
257,HTAG,0
257,HTR,D
257,B365H,2
257,B365D,3.3
257,B365A,3.8
257,BWH,2.05
257,BWD,3.2
257,BWA,3.6
258,Date,19/04/15
258,HomeTeam,Penafiel
258,AwayTeam,Arouca
258,FTHG,0
258,FTAG,2
258,FTR,A
258,HTHG,0
258,HTAG,1
258,HTR,A
258,B365H,3
258,B365D,3
258,B365A,2.5
258,BWH,2.9
258,BWD,2.95
258,BWA,2.5
259,Date,19/04/15
259,HomeTeam,Setubal
259,AwayTeam,Estoril
259,FTHG,1
259,FTAG,2
259,FTR,A
259,HTHG,1
259,HTAG,0
259,HTR,H
259,B365H,2.7
259,B365D,3.1
259,B365A,2.7
259,BWH,2.6
259,BWD,3
259,BWA,2.75
260,Date,19/04/15
260,HomeTeam,Sp Lisbon
260,AwayTeam,Boavista
260,FTHG,2
260,FTAG,1
260,FTR,H
260,HTHG,1
260,HTAG,1
260,HTR,D
260,B365H,1.17
260,B365D,6.5
260,B365A,19
260,BWH,1.16
260,BWD,6
260,BWA,20
261,Date,20/04/15
261,HomeTeam,Maritimo
261,AwayTeam,Nacional
261,FTHG,1
261,FTAG,1
261,FTR,D
261,HTHG,1
261,HTAG,0
261,HTR,H
261,B365H,2.5
261,B365D,3.1
261,B365A,2.9
261,BWH,2.4
261,BWD,3
261,BWA,3
262,Date,24/04/15
262,HomeTeam,Sp Braga
262,AwayTeam,Belenenses
262,FTHG,1
262,FTAG,1
262,FTR,D
262,HTHG,0
262,HTAG,1
262,HTR,A
262,B365H,1.4
262,B365D,4.2
262,B365A,9
262,BWH,1.4
262,BWD,4.33
262,BWA,7.5
263,Date,25/04/15
263,HomeTeam,Academica
263,AwayTeam,Gil Vicente
263,FTHG,1
263,FTAG,2
263,FTR,A
263,HTHG,1
263,HTAG,1
263,HTR,D
263,B365H,2.05
263,B365D,3.2
263,B365A,3.8
263,BWH,1.95
263,BWD,3.25
263,BWA,3.8
264,Date,25/04/15
264,HomeTeam,Estoril
264,AwayTeam,Maritimo
264,FTHG,1
264,FTAG,1
264,FTR,D
264,HTHG,0
264,HTAG,0
264,HTR,D
264,B365H,2
264,B365D,3.3
264,B365A,3.75
264,BWH,2.05
264,BWD,3.2
264,BWA,3.6
265,Date,25/04/15
265,HomeTeam,Rio Ave
265,AwayTeam,Guimaraes
265,FTHG,1
265,FTAG,1
265,FTR,D
265,HTHG,0
265,HTAG,1
265,HTR,A
265,B365H,2.63
265,B365D,3.1
265,B365A,2.8
265,BWH,2.5
265,BWD,3.1
265,BWA,2.8
266,Date,26/04/15
266,HomeTeam,Arouca
266,AwayTeam,Pacos Ferreira
266,FTHG,1
266,FTAG,3
266,FTR,A
266,HTHG,0
266,HTAG,1
266,HTR,A
266,B365H,2.7
266,B365D,3
266,B365A,2.75
266,BWH,2.6
266,BWD,3.1
266,BWA,2.7
267,Date,26/04/15
267,HomeTeam,Benfica
267,AwayTeam,Porto
267,FTHG,0
267,FTAG,0
267,FTR,D
267,HTHG,0
267,HTAG,0
267,HTR,D
267,B365H,2.4
267,B365D,3.3
267,B365A,2.88
267,BWH,2.4
267,BWD,3.25
267,BWA,2.8
268,Date,26/04/15
268,HomeTeam,Boavista
268,AwayTeam,Setubal
268,FTHG,0
268,FTAG,0
268,FTR,D
268,HTHG,0
268,HTAG,0
268,HTR,D
268,B365H,2.4
268,B365D,3.1
268,B365A,3.1
268,BWH,2.4
268,BWD,3.1
268,BWA,2.9
269,Date,26/04/15
269,HomeTeam,Nacional
269,AwayTeam,Penafiel
269,FTHG,2
269,FTAG,0
269,FTR,H
269,HTHG,1
269,HTAG,0
269,HTR,H
269,B365H,1.57
269,B365D,3.6
269,B365A,6.5
269,BWH,1.57
269,BWD,3.6
269,BWA,6
270,Date,27/04/15
270,HomeTeam,Moreirense
270,AwayTeam,Sp Lisbon
270,FTHG,1
270,FTAG,4
270,FTR,A
270,HTHG,1
270,HTAG,3
270,HTR,A
270,B365H,7
270,B365D,3.75
270,B365A,1.53
270,BWH,5.75
270,BWD,3.8
270,BWA,1.55
271,Date,01/05/15
271,HomeTeam,Guimaraes
271,AwayTeam,Estoril
271,FTHG,2
271,FTAG,0
271,FTR,H
271,HTHG,1
271,HTAG,0
271,HTR,H
271,B365H,1.85
271,B365D,3.4
271,B365A,4.33
271,BWH,1.8
271,BWD,3.5
271,BWA,4.2
272,Date,02/05/15
272,HomeTeam,Gil Vicente
272,AwayTeam,Benfica
272,FTHG,0
272,FTAG,5
272,FTR,A
272,HTHG,0
272,HTAG,2
272,HTR,A
272,B365H,13
272,B365D,6.5
272,B365A,1.2
272,BWH,12.5
272,BWD,6
272,BWA,1.2
273,Date,02/05/15
273,HomeTeam,Sp Lisbon
273,AwayTeam,Nacional
273,FTHG,2
273,FTAG,0
273,FTR,H
273,HTHG,0
273,HTAG,0
273,HTR,D
273,B365H,1.33
273,B365D,5
273,B365A,9
273,BWH,1.25
273,BWD,5.25
273,BWA,11
274,Date,03/05/15
274,HomeTeam,Boavista
274,AwayTeam,Moreirense
274,FTHG,3
274,FTAG,1
274,FTR,H
274,HTHG,1
274,HTAG,0
274,HTR,H
274,B365H,2.5
274,B365D,3.1
274,B365A,2.9
274,BWH,2.6
274,BWD,3.1
274,BWA,2.7
275,Date,03/05/15
275,HomeTeam,Maritimo
275,AwayTeam,Arouca
275,FTHG,1
275,FTAG,1
275,FTR,D
275,HTHG,0
275,HTAG,0
275,HTR,D
275,B365H,2.05
275,B365D,3.2
275,B365A,3.75
275,BWH,2
275,BWD,3.1
275,BWA,3.9
276,Date,03/05/15
276,HomeTeam,Penafiel
276,AwayTeam,Academica
276,FTHG,0
276,FTAG,0
276,FTR,D
276,HTHG,0
276,HTAG,0
276,HTR,D
276,B365H,3.1
276,B365D,3.1
276,B365A,2.4
276,BWH,3.1
276,BWD,3.2
276,BWA,2.25
277,Date,03/05/15
277,HomeTeam,Setubal
277,AwayTeam,Porto
277,FTHG,0
277,FTAG,2
277,FTR,A
277,HTHG,0
277,HTAG,1
277,HTR,A
277,B365H,13
277,B365D,6.5
277,B365A,1.2
277,BWH,14.5
277,BWD,6
277,BWA,1.19
278,Date,04/05/15
278,HomeTeam,Belenenses
278,AwayTeam,Rio Ave
278,FTHG,1
278,FTAG,3
278,FTR,A
278,HTHG,0
278,HTAG,2
278,HTR,A
278,B365H,2.25
278,B365D,3.2
278,B365A,3.25
278,BWH,2.25
278,BWD,3.1
278,BWA,3.2
279,Date,04/05/15
279,HomeTeam,Pacos Ferreira
279,AwayTeam,Sp Braga
279,FTHG,2
279,FTAG,2
279,FTR,D
279,HTHG,0
279,HTAG,1
279,HTR,A
279,B365H,3.5
279,B365D,3.2
279,B365A,2.15
279,BWH,3.4
279,BWD,3.2
279,BWA,2.1
280,Date,09/05/15
280,HomeTeam,Academica
280,AwayTeam,Belenenses
280,FTHG,1
280,FTAG,1
280,FTR,D
280,HTHG,0
280,HTAG,0
280,HTR,D
280,B365H,2.5
280,B365D,3
280,B365A,3
280,BWH,2.4
280,BWD,2.95
280,BWA,3.1
281,Date,09/05/15
281,HomeTeam,Benfica
281,AwayTeam,Penafiel
281,FTHG,4
281,FTAG,0
281,FTR,H
281,HTHG,2
281,HTAG,0
281,HTR,H
281,B365H,1.05
281,B365D,13
281,B365A,26
281,BWH,1.05
281,BWD,11
281,BWA,26
282,Date,09/05/15
282,HomeTeam,Rio Ave
282,AwayTeam,Pacos Ferreira
282,FTHG,0
282,FTAG,0
282,FTR,D
282,HTHG,0
282,HTAG,0
282,HTR,D
282,B365H,2.38
282,B365D,3.4
282,B365A,2.88
282,BWH,2.35
282,BWD,3.3
282,BWA,2.85
283,Date,09/05/15
283,HomeTeam,Sp Braga
283,AwayTeam,Maritimo
283,FTHG,1
283,FTAG,3
283,FTR,A
283,HTHG,1
283,HTAG,1
283,HTR,D
283,B365H,1.44
283,B365D,4.33
283,B365A,7
283,BWH,1.42
283,BWD,4.25
283,BWA,7
284,Date,10/05/15
284,HomeTeam,Arouca
284,AwayTeam,Boavista
284,FTHG,0
284,FTAG,0
284,FTR,D
284,HTHG,0
284,HTAG,0
284,HTR,D
284,B365H,1.91
284,B365D,3.4
284,B365A,4
284,BWH,
284,BWD,
284,BWA,
285,Date,10/05/15
285,HomeTeam,Estoril
285,AwayTeam,Sp Lisbon
285,FTHG,1
285,FTAG,1
285,FTR,D
285,HTHG,1
285,HTAG,0
285,HTR,H
285,B365H,5.5
285,B365D,3.5
285,B365A,1.67
285,BWH,5.25
285,BWD,3.4
285,BWA,1.67
286,Date,10/05/15
286,HomeTeam,Moreirense
286,AwayTeam,Setubal
286,FTHG,3
286,FTAG,1
286,FTR,H
286,HTHG,1
286,HTAG,0
286,HTR,H
286,B365H,2.1
286,B365D,3.4
286,B365A,3.4
286,BWH,2
286,BWD,3.4
286,BWA,3.5
287,Date,10/05/15
287,HomeTeam,Porto
287,AwayTeam,Gil Vicente
287,FTHG,2
287,FTAG,0
287,FTR,H
287,HTHG,1
287,HTAG,0
287,HTR,H
287,B365H,1.06
287,B365D,12
287,B365A,26
287,BWH,1.06
287,BWD,11
287,BWA,21
288,Date,11/05/15
288,HomeTeam,Nacional
288,AwayTeam,Guimaraes
288,FTHG,2
288,FTAG,2
288,FTR,D
288,HTHG,1
288,HTAG,2
288,HTR,A
288,B365H,2.3
288,B365D,3.4
288,B365A,3
288,BWH,2.35
288,BWD,3.4
288,BWA,2.75
289,Date,17/05/15
289,HomeTeam,Belenenses
289,AwayTeam,Porto
289,FTHG,1
289,FTAG,1
289,FTR,D
289,HTHG,0
289,HTAG,1
289,HTR,A
289,B365H,15
289,B365D,6
289,B365A,1.2
289,BWH,13
289,BWD,5.75
289,BWA,1.2
290,Date,17/05/15
290,HomeTeam,Guimaraes
290,AwayTeam,Benfica
290,FTHG,0
290,FTAG,0
290,FTR,D
290,HTHG,0
290,HTAG,0
290,HTR,D
290,B365H,11
290,B365D,6
290,B365A,1.25
290,BWH,10.5
290,BWD,5.5
290,BWA,1.25
291,Date,17/05/15
291,HomeTeam,Maritimo
291,AwayTeam,Rio Ave
291,FTHG,4
291,FTAG,0
291,FTR,H
291,HTHG,1
291,HTAG,0
291,HTR,H
291,B365H,2.1
291,B365D,3.3
291,B365A,3.5
291,BWH,2.15
291,BWD,3.25
291,BWA,3.25
292,Date,17/05/15
292,HomeTeam,Moreirense
292,AwayTeam,Estoril
292,FTHG,1
292,FTAG,1
292,FTR,D
292,HTHG,0
292,HTAG,0
292,HTR,D
292,B365H,2.25
292,B365D,3.25
292,B365A,3.2
292,BWH,2.3
292,BWD,3.2
292,BWA,3
293,Date,17/05/15
293,HomeTeam,Pacos Ferreira
293,AwayTeam,Academica
293,FTHG,3
293,FTAG,2
293,FTR,H
293,HTHG,1
293,HTAG,0
293,HTR,H
293,B365H,1.8
293,B365D,3.6
293,B365A,4.33
293,BWH,1.75
293,BWD,3.6
293,BWA,4.33
294,Date,17/05/15
294,HomeTeam,Penafiel
294,AwayTeam,Gil Vicente
294,FTHG,2
294,FTAG,1
294,FTR,H
294,HTHG,0
294,HTAG,0
294,HTR,D
294,B365H,3.1
294,B365D,3.25
294,B365A,2.3
294,BWH,3.1
294,BWD,3.2
294,BWA,2.25
295,Date,17/05/15
295,HomeTeam,Setubal
295,AwayTeam,Arouca
295,FTHG,2
295,FTAG,1
295,FTR,H
295,HTHG,2
295,HTAG,0
295,HTR,H
295,B365H,2.2
295,B365D,3.2
295,B365A,3.4
295,BWH,2.15
295,BWD,3.2
295,BWA,3.3
296,Date,17/05/15
296,HomeTeam,Sp Lisbon
296,AwayTeam,Sp Braga
296,FTHG,4
296,FTAG,1
296,FTR,H
296,HTHG,1
296,HTAG,1
296,HTR,D
296,B365H,1.73
296,B365D,3.6
296,B365A,4.75
296,BWH,1.67
296,BWD,3.7
296,BWA,4.75
297,Date,18/05/15
297,HomeTeam,Boavista
297,AwayTeam,Nacional
297,FTHG,0
297,FTAG,1
297,FTR,A
297,HTHG,0
297,HTAG,1
297,HTR,A
297,B365H,3
297,B365D,3.2
297,B365A,2.4
297,BWH,2.85
297,BWD,3.2
297,BWA,2.4
298,Date,22/05/15
298,HomeTeam,Porto
298,AwayTeam,Penafiel
298,FTHG,2
298,FTAG,0
298,FTR,H
298,HTHG,0
298,HTAG,0
298,HTR,D
298,B365H,1.06
298,B365D,11
298,B365A,26
298,BWH,1.05
298,BWD,12
298,BWA,23
299,Date,23/05/15
299,HomeTeam,Academica
299,AwayTeam,Guimaraes
299,FTHG,2
299,FTAG,4
299,FTR,A
299,HTHG,1
299,HTAG,1
299,HTR,D
299,B365H,3
299,B365D,3.5
299,B365A,2.25
299,BWH,3
299,BWD,3.25
299,BWA,2.3
300,Date,23/05/15
300,HomeTeam,Arouca
300,AwayTeam,Moreirense
300,FTHG,1
300,FTAG,2
300,FTR,A
300,HTHG,0
300,HTAG,2
300,HTR,A
300,B365H,2.15
300,B365D,3.3
300,B365A,3.4
300,BWH,2.25
300,BWD,3.2
300,BWA,3.1
301,Date,23/05/15
301,HomeTeam,Benfica
301,AwayTeam,Maritimo
301,FTHG,4
301,FTAG,1
301,FTR,H
301,HTHG,2
301,HTAG,1
301,HTR,H
301,B365H,1.17
301,B365D,7.5
301,B365A,13
301,BWH,1.17
301,BWD,7
301,BWA,12.5
302,Date,23/05/15
302,HomeTeam,Estoril
302,AwayTeam,Boavista
302,FTHG,2
302,FTAG,0
302,FTR,H
302,HTHG,1
302,HTAG,0
302,HTR,H
302,B365H,1.8
302,B365D,3.5
302,B365A,4.5
302,BWH,1.8
302,BWD,3.4
302,BWA,4.25
303,Date,23/05/15
303,HomeTeam,Gil Vicente
303,AwayTeam,Belenenses
303,FTHG,0
303,FTAG,2
303,FTR,A
303,HTHG,0
303,HTAG,0
303,HTR,D
303,B365H,4.33
303,B365D,3.6
303,B365A,1.8
303,BWH,4.6
303,BWD,3.6
303,BWA,1.72
304,Date,23/05/15
304,HomeTeam,Nacional
304,AwayTeam,Pacos Ferreira
304,FTHG,3
304,FTAG,0
304,FTR,H
304,HTHG,2
304,HTAG,0
304,HTR,H
304,B365H,2.2
304,B365D,3.25
304,B365A,3.3
304,BWH,2.2
304,BWD,3.25
304,BWA,3.1
305,Date,23/05/15
305,HomeTeam,Rio Ave
305,AwayTeam,Sp Lisbon
305,FTHG,0
305,FTAG,1
305,FTR,A
305,HTHG,0
305,HTAG,0
305,HTR,D
305,B365H,5.75
305,B365D,3.8
305,B365A,1.6
305,BWH,5
305,BWD,3.75
305,BWA,1.62
306,Date,23/05/15
306,HomeTeam,Sp Braga
306,AwayTeam,Setubal
306,FTHG,5
306,FTAG,0
306,FTR,H
306,HTHG,3
306,HTAG,0
306,HTR,H
306,B365H,1.4
306,B365D,4.5
306,B365A,7.5
306,BWH,1.33
306,BWD,4.6
306,BWA,8.75
